id_client_sk,id_client_nk,nom_complet,tranche_age,sexe,ville,segment_client,canal_acquisition,date_debut,date_fin,est_actif
1,C0859,Laila Kettani,55-64,f,Meknès,Bronze,instagram,2026-04-20,9999-12-31,True
2,C0946,Rachid Naciri,45-54,m,Casablanca,Bronze,tiktok,2026-04-20,9999-12-31,True
3,C0633,Youssef Benali,45-54,f,Fès,Bronze,google,2026-04-20,9999-12-31,True
4,C0863,Soukaina Lahlou,55-64,f,Meknès,Bronze,tiktok,2026-04-20,9999-12-31,True
5,C0887,Hassan Chraibi,45-54,m,Non renseignée,Bronze,google,2026-04-20,9999-12-31,True
6,C0008,Aicha Squalli,25-34,m,Marrakech,Bronze,google,2026-04-20,9999-12-31,True
7,C0571,Houda Mrabet,25-34,m,Marrakech,Bronze,bouche_a_oreille,2026-04-20,9999-12-31,True
8,C0325,Sara Berrada,25-34,f,Tanger,Bronze,tiktok,2026-04-20,9999-12-31,True
9,C0388,Laila Fassi,35-44,f,Agadir,Bronze,direct,2026-04-20,9999-12-31,True
10,C0804,Aicha Berrada,45-54,m,Rabat,Bronze,google,2026-04-20,9999-12-31,True
11,C0681,Tariq Sefrioui,18-24,m,Agadir,Bronze,instagram,2026-04-20,9999-12-31,True
12,C0290,Hassan Benhima,55-64,m,Tanger,Bronze,direct,2026-04-20,9999-12-31,True
13,C0487,Sara Mrabet,35-44,f,Tanger,Bronze,instagram,2026-04-20,9999-12-31,True
14,C0914,Soukaina Tazi,18-24,f,Fès,Bronze,bouche_a_oreille,2026-04-20,9999-12-31,True
15,C0973,Mehdi Hajji,45-54,m,Casablanca,Bronze,tiktok,2026-04-20,9999-12-31,True
16,C0139,Zineb Kettani,55-64,f,Rabat,Bronze,email_marketing,2026-04-20,9999-12-31,True
17,C0287,Hajar Benali,45-54,f,Non renseignée,Bronze,email_marketing,2026-04-20,9999-12-31,True
18,C0477,Ahmed Cherkaoui,25-34,f,Non renseignée,Bronze,bouche_a_oreille,2026-04-20,9999-12-31,True
19,C0703,Ghita Fassi,45-54,m,Casablanca,Bronze,email_marketing,2026-04-20,9999-12-31,True
20,C0813,Soukaina Lahlou,25-34,f,Tanger,Bronze,instagram,2026-04-20,9999-12-31,True
21,C0949,Omar Benjelloun,18-24,f,Tanger,Bronze,instagram,2026-04-20,9999-12-31,True
22,C0499,Laila Filali,55-64,m,Meknès,Bronze,email_marketing,2026-04-20,9999-12-31,True
23,C0186,Ahmed Cherkaoui,25-34,f,Tanger,Bronze,instagram,2026-04-20,9999-12-31,True
24,C0378,Mehdi Bouzidi,18-24,f,Casablanca,Bronze,direct,2026-04-20,9999-12-31,True
25,C0669,Nadia Benhima,55-64,m,Marrakech,Bronze,email_marketing,2026-04-20,9999-12-31,True
26,C0843,Saad Bouzidi,35-44,f,Rabat,Bronze,bouche_a_oreille,2026-04-20,9999-12-31,True
27,C0512,Omar Tazi,35-44,m,Agadir,Bronze,instagram,2026-04-20,9999-12-31,True
28,C0338,Hassan Fassi,35-44,m,Casablanca,Bronze,google,2026-04-20,9999-12-31,True
29,C0143,Ghita Naciri,25-34,m,Non renseignée,Bronze,direct,2026-04-20,9999-12-31,True
30,C0982,Hamza Squalli,45-54,m,Casablanca,Bronze,email_marketing,2026-04-20,9999-12-31,True
31,C1010,Fatima Sefrioui,65+,f,Rabat,Bronze,direct,2026-04-20,9999-12-31,True
32,C1047,Hamza Benhima,45-54,m,Non renseignée,Bronze,google,2026-04-20,9999-12-31,True
33,C1032,Mohammed Hajji,45-54,m,Non renseignée,Bronze,bouche_a_oreille,2026-04-20,9999-12-31,True
34,C0923,Hajar Cherkaoui,35-44,m,Fès,Bronze,bouche_a_oreille,2026-04-20,9999-12-31,True
35,C0297,Meryem Benali,35-44,m,Non renseignée,Bronze,tiktok,2026-04-20,9999-12-31,True
36,C0189,Loubna Hajji,55-64,f,Fès,Bronze,instagram,2026-04-20,9999-12-31,True
37,C0759,Karim Benjelloun,45-54,m,Casablanca,Bronze,tiktok,2026-04-20,9999-12-31,True
38,C0413,Nabil Squalli,35-44,f,Tanger,Bronze,instagram,2026-04-20,9999-12-31,True
39,C0635,Aicha Benhima,55-64,m,Meknès,Bronze,google,2026-04-20,9999-12-31,True
40,C0562,Hajar Filali,25-34,m,Rabat,Bronze,email_marketing,2026-04-20,9999-12-31,True
41,C0446,Hassan Cherkaoui,45-54,m,Meknès,Bronze,bouche_a_oreille,2026-04-20,9999-12-31,True
42,C0259,Meryem Lahlou,55-64,m,Tanger,Bronze,google,2026-04-20,9999-12-31,True
43,C0390,Amine Hajji,35-44,f,Agadir,Bronze,tiktok,2026-04-20,9999-12-31,True
44,C0890,Ghita Naciri,25-34,f,Non renseignée,Bronze,tiktok,2026-04-20,9999-12-31,True
45,C0592,Ghita Hajji,45-54,f,Fès,Bronze,google,2026-04-20,9999-12-31,True
46,C0679,Imane Chraibi,18-24,m,Tanger,Bronze,google,2026-04-20,9999-12-31,True
47,C0959,Mohammed Benali,55-64,m,Tanger,Bronze,tiktok,2026-04-20,9999-12-31,True
48,C0022,Ilias Kettani,25-34,m,Non renseignée,Bronze,google,2026-04-20,9999-12-31,True
49,C0481,Karim Lahlou,18-24,f,Oujda,Bronze,instagram,2026-04-20,9999-12-31,True
50,C0531,Mohammed Cherkaoui,55-64,m,Meknès,Bronze,direct,2026-04-20,9999-12-31,True
51,C0048,Ilias Tahiri,55-64,f,Agadir,Bronze,direct,2026-04-20,9999-12-31,True
52,C0151,Amine Naciri,55-64,m,Oujda,Bronze,bouche_a_oreille,2026-04-20,9999-12-31,True
53,C0419,Karim Kettani,25-34,f,Fès,Bronze,instagram,2026-04-20,9999-12-31,True
54,C0464,Sara Benjelloun,35-44,m,Non renseignée,Bronze,instagram,2026-04-20,9999-12-31,True
55,C0106,Youssef Mrabet,45-54,f,Agadir,Bronze,bouche_a_oreille,2026-04-20,9999-12-31,True
56,C0628,Omar Benali,25-34,f,Rabat,Bronze,tiktok,2026-04-20,9999-12-31,True
57,C0228,Zineb Mrabet,35-44,m,Fès,Bronze,direct,2026-04-20,9999-12-31,True
58,C0985,Zineb Filali,45-54,f,Casablanca,Bronze,direct,2026-04-20,9999-12-31,True
59,C0035,Rachid Kettani,55-64,f,Meknès,Bronze,email_marketing,2026-04-20,9999-12-31,True
60,C0869,Saad Chraibi,18-24,f,Casablanca,Bronze,instagram,2026-04-20,9999-12-31,True
61,C0358,Nadia Kettani,25-34,m,Tanger,Bronze,direct,2026-04-20,9999-12-31,True
62,C0774,Hamza Benali,18-24,f,Fès,Bronze,bouche_a_oreille,2026-04-20,9999-12-31,True
63,C0387,Nadia Berrada,45-54,f,Rabat,Bronze,email_marketing,2026-04-20,9999-12-31,True
64,C0121,Laila Bouzidi,65+,m,Marrakech,Bronze,tiktok,2026-04-20,9999-12-31,True
65,C1037,Mehdi Naciri,55-64,f,Agadir,Bronze,bouche_a_oreille,2026-04-20,9999-12-31,True
66,C0851,Othmane Squalli,45-54,f,Oujda,Bronze,google,2026-04-20,9999-12-31,True
67,C0684,Saad Hajji,18-24,m,Tanger,Bronze,google,2026-04-20,9999-12-31,True
68,C0980,Amine Lahlou,25-34,m,Rabat,Bronze,direct,2026-04-20,9999-12-31,True
69,C0118,Ghita Filali,25-34,f,Rabat,Bronze,google,2026-04-20,9999-12-31,True
70,C0420,Laila Benhima,25-34,m,Non renseignée,Bronze,direct,2026-04-20,9999-12-31,True
71,C0821,Rachid Benali,35-44,m,Oujda,Bronze,email_marketing,2026-04-20,9999-12-31,True
72,C0507,Tariq Sefrioui,35-44,f,Casablanca,Bronze,bouche_a_oreille,2026-04-20,9999-12-31,True
73,C0443,Ahmed Cherkaoui,25-34,m,Meknès,Bronze,google,2026-04-20,9999-12-31,True
74,C0442,Sara Sefrioui,45-54,m,Marrakech,Bronze,instagram,2026-04-20,9999-12-31,True
75,C0532,Mohammed Mansouri,55-64,m,Agadir,Bronze,email_marketing,2026-04-20,9999-12-31,True
76,C0092,Aicha Squalli,35-44,f,Agadir,Bronze,tiktok,2026-04-20,9999-12-31,True
77,C0207,Fatima Filali,55-64,f,Casablanca,Bronze,google,2026-04-20,9999-12-31,True
78,C0671,Omar Berrada,55-64,m,Agadir,Bronze,instagram,2026-04-20,9999-12-31,True
79,C0639,Fatima Tahiri,55-64,f,Rabat,Bronze,tiktok,2026-04-20,9999-12-31,True
80,C0339,Hassan Mrabet,45-54,f,Fès,Bronze,direct,2026-04-20,9999-12-31,True
81,C0238,Saad Chraibi,35-44,m,Casablanca,Bronze,instagram,2026-04-20,9999-12-31,True
82,C0144,Houda Fassi,45-54,f,Casablanca,Bronze,email_marketing,2026-04-20,9999-12-31,True
83,C0250,Loubna Chraibi,inconnu,m,Agadir,Bronze,bouche_a_oreille,2026-04-20,9999-12-31,True
84,C0991,Aicha Squalli,65+,f,Non renseignée,Bronze,google,2026-04-20,9999-12-31,True
85,C0246,Imane Mansouri,18-24,m,Marrakech,Bronze,bouche_a_oreille,2026-04-20,9999-12-31,True
86,C0853,Zineb Chraibi,25-34,m,Tanger,Bronze,tiktok,2026-04-20,9999-12-31,True
87,C0818,Hajar Berrada,45-54,m,Fès,Bronze,instagram,2026-04-20,9999-12-31,True
88,C0799,Mohammed Naciri,45-54,f,Meknès,Bronze,direct,2026-04-20,9999-12-31,True
89,C0127,Zineb Hajji,45-54,m,Agadir,Bronze,email_marketing,2026-04-20,9999-12-31,True
90,C0670,Rachid Bouzidi,25-34,m,Casablanca,Bronze,email_marketing,2026-04-20,9999-12-31,True
91,C1045,Rachid Naciri,inconnu,m,Marrakech,Bronze,tiktok,2026-04-20,9999-12-31,True
92,C0587,Meryem Benali,25-34,m,Agadir,Bronze,tiktok,2026-04-20,9999-12-31,True
93,C0471,Hajar Hajji,25-34,m,Marrakech,Bronze,tiktok,2026-04-20,9999-12-31,True
94,C1000,Houda Chraibi,inconnu,f,Casablanca,Bronze,instagram,2026-04-20,9999-12-31,True
95,C0183,Othmane Filali,55-64,f,Casablanca,Bronze,instagram,2026-04-20,9999-12-31,True
96,C0461,Tariq Tahiri,18-24,m,Fès,Bronze,email_marketing,2026-04-20,9999-12-31,True
97,C0599,Rachid Sefrioui,55-64,m,Fès,Bronze,google,2026-04-20,9999-12-31,True
98,C0801,Tariq Benjelloun,18-24,f,Oujda,Bronze,bouche_a_oreille,2026-04-20,9999-12-31,True
99,C0752,Hajar Benhima,65+,f,Tanger,Bronze,instagram,2026-04-20,9999-12-31,True
100,C0771,Houda Chraibi,35-44,f,Casablanca,Bronze,google,2026-04-20,9999-12-31,True
101,C0943,Zineb Tahiri,45-54,m,Rabat,Bronze,email_marketing,2026-04-20,9999-12-31,True
102,C0103,Meryem Naciri,55-64,m,Oujda,Bronze,direct,2026-04-20,9999-12-31,True
103,C0704,Aicha Alaoui,55-64,f,Rabat,Bronze,tiktok,2026-04-20,9999-12-31,True
104,C0099,Mohammed Fassi,18-24,f,Rabat,Bronze,instagram,2026-04-20,9999-12-31,True
105,C0174,Hamza Bouzidi,18-24,f,Casablanca,Bronze,instagram,2026-04-20,9999-12-31,True
106,C0251,Zineb Kettani,35-44,f,Fès,Bronze,bouche_a_oreille,2026-04-20,9999-12-31,True
107,C0053,Loubna Mrabet,65+,m,Rabat,Bronze,email_marketing,2026-04-20,9999-12-31,True
108,C1044,Zineb Alaoui,35-44,f,Tanger,Bronze,tiktok,2026-04-20,9999-12-31,True
109,C0361,Ilias Cherkaoui,18-24,m,Non renseignée,Bronze,direct,2026-04-20,9999-12-31,True
110,C0107,Meryem Kettani,35-44,m,Casablanca,Bronze,direct,2026-04-20,9999-12-31,True
111,C0069,Houda Chraibi,55-64,f,Agadir,Bronze,tiktok,2026-04-20,9999-12-31,True
112,C0990,Mohammed Chraibi,45-54,m,Meknès,Bronze,direct,2026-04-20,9999-12-31,True
113,C1009,Loubna Lahlou,65+,m,Agadir,Bronze,instagram,2026-04-20,9999-12-31,True
114,C0257,Karim Filali,55-64,f,Fès,Bronze,tiktok,2026-04-20,9999-12-31,True
115,C0078,Soukaina Alaoui,18-24,m,Marrakech,Bronze,email_marketing,2026-04-20,9999-12-31,True
116,C0105,Ghita Kettani,45-54,f,Agadir,Bronze,tiktok,2026-04-20,9999-12-31,True
117,C0751,Hassan Naciri,65+,m,Marrakech,Bronze,instagram,2026-04-20,9999-12-31,True
118,C0835,Mohammed Tahiri,25-34,f,Agadir,Bronze,direct,2026-04-20,9999-12-31,True
119,C0935,Mohammed Benhima,45-54,m,Marrakech,Bronze,bouche_a_oreille,2026-04-20,9999-12-31,True
120,C0476,Karim Naciri,35-44,f,Marrakech,Bronze,direct,2026-04-20,9999-12-31,True
121,C1042,Mehdi Bouzidi,45-54,f,Tanger,Bronze,direct,2026-04-20,9999-12-31,True
122,C0713,Ahmed Lahlou,25-34,m,Tanger,Bronze,tiktok,2026-04-20,9999-12-31,True
123,C0354,Mehdi Berrada,18-24,m,Meknès,Bronze,instagram,2026-04-20,9999-12-31,True
124,C0249,Mohammed Sefrioui,45-54,m,Oujda,Bronze,tiktok,2026-04-20,9999-12-31,True
125,C0714,Aicha Mansouri,45-54,f,Tanger,Bronze,instagram,2026-04-20,9999-12-31,True
126,C0861,Ilias Bouzidi,18-24,m,Fès,Bronze,google,2026-04-20,9999-12-31,True
127,C0554,Houda Hajji,35-44,f,Non renseignée,Bronze,instagram,2026-04-20,9999-12-31,True
128,C0286,Ghita Benjelloun,45-54,f,Rabat,Bronze,bouche_a_oreille,2026-04-20,9999-12-31,True
129,C0534,Omar Lahlou,55-64,m,Oujda,Bronze,direct,2026-04-20,9999-12-31,True
130,C0794,Karim Mrabet,25-34,f,Meknès,Bronze,direct,2026-04-20,9999-12-31,True
131,C0588,Imane Kettani,25-34,m,Tanger,Bronze,tiktok,2026-04-20,9999-12-31,True
132,C0147,Aicha Benali,35-44,f,Meknès,Bronze,tiktok,2026-04-20,9999-12-31,True
133,C0591,Amine Bouzidi,18-24,m,Rabat,Bronze,bouche_a_oreille,2026-04-20,9999-12-31,True
134,C0226,Nadia Mansouri,65+,m,Tanger,Bronze,bouche_a_oreille,2026-04-20,9999-12-31,True
135,C0484,Saad Alaoui,35-44,m,Casablanca,Bronze,instagram,2026-04-20,9999-12-31,True
136,C0202,Khadija Alaoui,55-64,m,Non renseignée,Bronze,tiktok,2026-04-20,9999-12-31,True
137,C0414,Houda Sefrioui,35-44,m,Oujda,Bronze,bouche_a_oreille,2026-04-20,9999-12-31,True
138,C0425,Meryem Tahiri,55-64,f,Marrakech,Bronze,direct,2026-04-20,9999-12-31,True
139,C0042,Sara Sefrioui,55-64,m,Casablanca,Bronze,tiktok,2026-04-20,9999-12-31,True
140,C0529,Amine Kettani,45-54,f,Casablanca,Bronze,tiktok,2026-04-20,9999-12-31,True
141,C0223,Omar Benali,35-44,m,Agadir,Bronze,instagram,2026-04-20,9999-12-31,True
142,C0904,Karim Alaoui,25-34,f,Tanger,Bronze,tiktok,2026-04-20,9999-12-31,True
143,C0631,Ilias Mrabet,35-44,m,Fès,Bronze,google,2026-04-20,9999-12-31,True
144,C0491,Youssef Lahlou,25-34,m,Fès,Bronze,direct,2026-04-20,9999-12-31,True
145,C0788,Houda Benhima,18-24,f,Casablanca,Bronze,tiktok,2026-04-20,9999-12-31,True
146,C0001,Mohammed Benhima,25-34,f,Marrakech,Bronze,tiktok,2026-04-20,9999-12-31,True
147,C0619,Karim Squalli,45-54,f,Oujda,Bronze,instagram,2026-04-20,9999-12-31,True
148,C0787,Ilias Bouzidi,25-34,m,Casablanca,Bronze,direct,2026-04-20,9999-12-31,True
149,C0652,Nabil Berrada,18-24,f,Rabat,Bronze,bouche_a_oreille,2026-04-20,9999-12-31,True
150,C0437,Hassan Chraibi,35-44,m,Tanger,Bronze,direct,2026-04-20,9999-12-31,True
151,C0936,Youssef Tazi,55-64,f,Fès,Bronze,instagram,2026-04-20,9999-12-31,True
152,C0760,Hamza Lahlou,inconnu,m,Casablanca,Bronze,tiktok,2026-04-20,9999-12-31,True
153,C0590,Fatima Kettani,25-34,m,Agadir,Bronze,tiktok,2026-04-20,9999-12-31,True
154,C0945,Imane Filali,18-24,m,Casablanca,Bronze,google,2026-04-20,9999-12-31,True
155,C0482,Houda Benali,25-34,f,Rabat,Bronze,direct,2026-04-20,9999-12-31,True
156,C0789,Khadija Hajji,18-24,m,Marrakech,Bronze,bouche_a_oreille,2026-04-20,9999-12-31,True
157,C0984,Khadija Mrabet,25-34,f,Rabat,Bronze,tiktok,2026-04-20,9999-12-31,True
158,C0013,Othmane Chraibi,35-44,m,Casablanca,Bronze,email_marketing,2026-04-20,9999-12-31,True
159,C0115,Zineb Kettani,45-54,m,Fès,Bronze,direct,2026-04-20,9999-12-31,True
160,C0577,Amine Chraibi,35-44,m,Tanger,Bronze,direct,2026-04-20,9999-12-31,True
161,C0900,Meryem Kettani,inconnu,f,Casablanca,Bronze,tiktok,2026-04-20,9999-12-31,True
162,C0311,Nabil Squalli,35-44,m,Fès,Bronze,tiktok,2026-04-20,9999-12-31,True
163,C0557,Karim Bouzidi,25-34,m,Meknès,Bronze,direct,2026-04-20,9999-12-31,True
164,C0293,Loubna Benjelloun,55-64,m,Rabat,Bronze,tiktok,2026-04-20,9999-12-31,True
165,C0130,Mehdi Benjelloun,35-44,m,Agadir,Bronze,direct,2026-04-20,9999-12-31,True
166,C0036,Laila Benjelloun,55-64,m,Tanger,Bronze,direct,2026-04-20,9999-12-31,True
167,C0070,Meryem Hajji,18-24,m,Fès,Bronze,email_marketing,2026-04-20,9999-12-31,True
168,C0999,Loubna Tahiri,45-54,f,Marrakech,Bronze,email_marketing,2026-04-20,9999-12-31,True
169,C0878,Meryem Tazi,55-64,m,Casablanca,Bronze,instagram,2026-04-20,9999-12-31,True
170,C0585,Loubna Lahlou,18-24,f,Fès,Bronze,tiktok,2026-04-20,9999-12-31,True
171,C0124,Sanaa Benjelloun,18-24,f,Casablanca,Bronze,google,2026-04-20,9999-12-31,True
172,C0492,Saad Mrabet,55-64,m,Non renseignée,Bronze,instagram,2026-04-20,9999-12-31,True
173,C1012,Hamza Fassi,35-44,m,Oujda,Bronze,instagram,2026-04-20,9999-12-31,True
174,C0368,Hamza Alaoui,35-44,m,Non renseignée,Bronze,google,2026-04-20,9999-12-31,True
175,C0187,Ilias Cherkaoui,18-24,m,Tanger,Bronze,bouche_a_oreille,2026-04-20,9999-12-31,True
176,C0545,Aicha Hajji,55-64,m,Agadir,Bronze,instagram,2026-04-20,9999-12-31,True
177,C0523,Sanaa Sefrioui,35-44,f,Casablanca,Bronze,direct,2026-04-20,9999-12-31,True
178,C0620,Meryem Alaoui,35-44,m,Agadir,Bronze,instagram,2026-04-20,9999-12-31,True
179,C0510,Nabil Benali,25-34,f,Casablanca,Bronze,direct,2026-04-20,9999-12-31,True
180,C0731,Loubna Berrada,45-54,f,Agadir,Bronze,email_marketing,2026-04-20,9999-12-31,True
181,C0479,Ahmed Sefrioui,65+,m,Meknès,Bronze,instagram,2026-04-20,9999-12-31,True
182,C0021,Nabil Benjelloun,25-34,m,Rabat,Bronze,direct,2026-04-20,9999-12-31,True
183,C0727,Othmane Filali,25-34,m,Agadir,Bronze,direct,2026-04-20,9999-12-31,True
184,C0833,Hamza Mansouri,25-34,m,Casablanca,Bronze,instagram,2026-04-20,9999-12-31,True
185,C0659,Khadija Mrabet,45-54,f,Tanger,Bronze,instagram,2026-04-20,9999-12-31,True
186,C0400,Tariq Kettani,inconnu,m,Oujda,Bronze,direct,2026-04-20,9999-12-31,True
187,C0831,Sanaa Tazi,45-54,f,Oujda,Bronze,direct,2026-04-20,9999-12-31,True
188,C0020,Soukaina Benhima,18-24,m,Casablanca,Bronze,tiktok,2026-04-20,9999-12-31,True
189,C0738,Hajar Bouzidi,35-44,f,Tanger,Bronze,tiktok,2026-04-20,9999-12-31,True
190,C0316,Karim Squalli,45-54,f,Marrakech,Bronze,google,2026-04-20,9999-12-31,True
191,C0564,Omar Sefrioui,25-34,m,Casablanca,Bronze,email_marketing,2026-04-20,9999-12-31,True
192,C0668,Zineb Filali,65+,f,Non renseignée,Bronze,instagram,2026-04-20,9999-12-31,True
193,C0940,Tariq Alaoui,55-64,f,Tanger,Bronze,email_marketing,2026-04-20,9999-12-31,True
194,C0972,Amine Tazi,45-54,f,Casablanca,Bronze,email_marketing,2026-04-20,9999-12-31,True
195,C0445,Imane Filali,18-24,m,Tanger,Bronze,google,2026-04-20,9999-12-31,True
196,C0808,Laila Naciri,35-44,f,Rabat,Bronze,instagram,2026-04-20,9999-12-31,True
197,C0149,Tariq Bouzidi,45-54,f,Fès,Bronze,bouche_a_oreille,2026-04-20,9999-12-31,True
198,C0509,Fatima Benali,25-34,m,Fès,Bronze,google,2026-04-20,9999-12-31,True
199,C0879,Saad Benhima,18-24,m,Meknès,Bronze,email_marketing,2026-04-20,9999-12-31,True
200,C0486,Meryem Mrabet,25-34,f,Tanger,Bronze,google,2026-04-20,9999-12-31,True
201,C0379,Soukaina Sefrioui,45-54,m,Casablanca,Bronze,email_marketing,2026-04-20,9999-12-31,True
202,C0772,Amine Benali,45-54,m,Non renseignée,Bronze,email_marketing,2026-04-20,9999-12-31,True
203,C0971,Khadija Mansouri,35-44,f,Tanger,Bronze,google,2026-04-20,9999-12-31,True
204,C0182,Saad Kettani,45-54,m,Tanger,Bronze,tiktok,2026-04-20,9999-12-31,True
205,C0322,Karim Squalli,55-64,m,Tanger,Bronze,bouche_a_oreille,2026-04-20,9999-12-31,True
206,C0594,Youssef Sefrioui,18-24,f,Marrakech,Bronze,bouche_a_oreille,2026-04-20,9999-12-31,True
207,C0505,Saad Cherkaoui,25-34,m,Meknès,Bronze,tiktok,2026-04-20,9999-12-31,True
208,C0058,Amine Filali,45-54,f,Agadir,Bronze,email_marketing,2026-04-20,9999-12-31,True
209,C0074,Ghita Mansouri,18-24,f,Tanger,Bronze,google,2026-04-20,9999-12-31,True
210,C0758,Loubna Benhima,35-44,f,Oujda,Bronze,email_marketing,2026-04-20,9999-12-31,True
211,C0929,Imane Benali,18-24,f,Marrakech,Bronze,instagram,2026-04-20,9999-12-31,True
212,C0918,Mohammed Tazi,55-64,m,Tanger,Bronze,email_marketing,2026-04-20,9999-12-31,True
213,C0080,Ilias Benjelloun,inconnu,f,Tanger,Bronze,tiktok,2026-04-20,9999-12-31,True
214,C0602,Sanaa Mansouri,25-34,m,Tanger,Bronze,instagram,2026-04-20,9999-12-31,True
215,C0678,Aicha Tazi,35-44,m,Agadir,Bronze,direct,2026-04-20,9999-12-31,True
216,C0185,Youssef Squalli,25-34,m,Rabat,Bronze,tiktok,2026-04-20,9999-12-31,True
217,C0188,Ilias Berrada,35-44,m,Agadir,Bronze,google,2026-04-20,9999-12-31,True
218,C0699,Sara Tahiri,65+,m,Oujda,Bronze,email_marketing,2026-04-20,9999-12-31,True
219,C0081,Sanaa Sefrioui,55-64,f,Fès,Bronze,email_marketing,2026-04-20,9999-12-31,True
220,C0452,Nadia Benjelloun,45-54,m,Oujda,Bronze,instagram,2026-04-20,9999-12-31,True
221,C0087,Othmane Mansouri,55-64,m,Meknès,Bronze,tiktok,2026-04-20,9999-12-31,True
222,C0265,Tariq Mansouri,35-44,m,Casablanca,Bronze,tiktok,2026-04-20,9999-12-31,True
223,C0757,Ghita Mrabet,45-54,f,Casablanca,Bronze,email_marketing,2026-04-20,9999-12-31,True
224,C0966,Saad Tazi,35-44,m,Tanger,Bronze,bouche_a_oreille,2026-04-20,9999-12-31,True
225,C0075,Sara Mansouri,18-24,f,Agadir,Bronze,google,2026-04-20,9999-12-31,True
226,C0302,Saad Filali,35-44,m,Rabat,Bronze,tiktok,2026-04-20,9999-12-31,True
227,C0827,Karim Chraibi,55-64,m,Oujda,Bronze,email_marketing,2026-04-20,9999-12-31,True
228,C0451,Mohammed Benjelloun,35-44,m,Non renseignée,Bronze,email_marketing,2026-04-20,9999-12-31,True
229,C0782,Hajar Kettani,25-34,m,Agadir,Bronze,instagram,2026-04-20,9999-12-31,True
230,C0953,Soukaina Tahiri,55-64,m,Tanger,Bronze,google,2026-04-20,9999-12-31,True
231,C0723,Youssef Naciri,18-24,f,Fès,Bronze,google,2026-04-20,9999-12-31,True
232,C0784,Hamza Tahiri,25-34,m,Fès,Bronze,bouche_a_oreille,2026-04-20,9999-12-31,True
233,C0993,Tariq Bouzidi,35-44,f,Non renseignée,Bronze,google,2026-04-20,9999-12-31,True
234,C0282,Houda Mrabet,18-24,m,Rabat,Bronze,tiktok,2026-04-20,9999-12-31,True
235,C0319,Zineb Filali,45-54,f,Tanger,Bronze,email_marketing,2026-04-20,9999-12-31,True
236,C0721,Houda Benhima,55-64,m,Rabat,Bronze,bouche_a_oreille,2026-04-20,9999-12-31,True
237,C0184,Youssef Sefrioui,25-34,f,Rabat,Bronze,instagram,2026-04-20,9999-12-31,True
238,C0434,Khadija Benhima,35-44,m,Non renseignée,Bronze,instagram,2026-04-20,9999-12-31,True
239,C0047,Ilias Benhima,18-24,m,Fès,Bronze,instagram,2026-04-20,9999-12-31,True
240,C0702,Hajar Mansouri,45-54,f,Marrakech,Bronze,google,2026-04-20,9999-12-31,True
241,C0255,Hajar Benali,55-64,f,Fès,Bronze,email_marketing,2026-04-20,9999-12-31,True
242,C0603,Omar Lahlou,55-64,m,Casablanca,Bronze,bouche_a_oreille,2026-04-20,9999-12-31,True
243,C0014,Mohammed Naciri,18-24,m,Fès,Bronze,bouche_a_oreille,2026-04-20,9999-12-31,True
244,C0806,Aicha Benjelloun,55-64,m,Casablanca,Bronze,direct,2026-04-20,9999-12-31,True
245,C0469,Sara Tazi,18-24,f,Casablanca,Bronze,google,2026-04-20,9999-12-31,True
246,C0749,Hajar Benjelloun,45-54,m,Casablanca,Bronze,google,2026-04-20,9999-12-31,True
247,C0745,Ahmed Fassi,55-64,m,Agadir,Bronze,email_marketing,2026-04-20,9999-12-31,True
248,C0698,Nadia Fassi,18-24,f,Marrakech,Bronze,instagram,2026-04-20,9999-12-31,True
249,C0624,Imane Mrabet,35-44,m,Tanger,Bronze,google,2026-04-20,9999-12-31,True
250,C0701,Soukaina Chraibi,45-54,m,Tanger,Bronze,direct,2026-04-20,9999-12-31,True
251,C0527,Hajar Tahiri,55-64,m,Casablanca,Bronze,google,2026-04-20,9999-12-31,True
252,C0994,Loubna Tazi,35-44,m,Fès,Bronze,instagram,2026-04-20,9999-12-31,True
253,C0519,Othmane Fassi,25-34,f,Casablanca,Bronze,google,2026-04-20,9999-12-31,True
254,C0650,Rachid Hajji,inconnu,m,Rabat,Bronze,direct,2026-04-20,9999-12-31,True
255,C0961,Sara Bouzidi,18-24,m,Marrakech,Bronze,instagram,2026-04-20,9999-12-31,True
256,C0836,Mehdi Berrada,18-24,m,Tanger,Bronze,google,2026-04-20,9999-12-31,True
257,C0218,Hamza Tazi,35-44,f,Tanger,Bronze,tiktok,2026-04-20,9999-12-31,True
258,C0716,Houda Kettani,35-44,f,Oujda,Bronze,email_marketing,2026-04-20,9999-12-31,True
259,C0237,Sanaa Benjelloun,55-64,m,Oujda,Bronze,email_marketing,2026-04-20,9999-12-31,True
260,C0613,Laila Berrada,35-44,m,Tanger,Bronze,direct,2026-04-20,9999-12-31,True
261,C0539,Zineb Lahlou,55-64,f,Rabat,Bronze,email_marketing,2026-04-20,9999-12-31,True
262,C0383,Omar Cherkaoui,18-24,f,Tanger,Bronze,bouche_a_oreille,2026-04-20,9999-12-31,True
263,C0086,Hajar Benjelloun,35-44,m,Non renseignée,Bronze,tiktok,2026-04-20,9999-12-31,True
264,C0858,Saad Benali,18-24,m,Fès,Bronze,tiktok,2026-04-20,9999-12-31,True
265,C0773,Youssef Hajji,65+,m,Non renseignée,Bronze,bouche_a_oreille,2026-04-20,9999-12-31,True
266,C0159,Rachid Chraibi,35-44,f,Marrakech,Bronze,direct,2026-04-20,9999-12-31,True
267,C0341,Omar Fassi,35-44,m,Non renseignée,Bronze,email_marketing,2026-04-20,9999-12-31,True
268,C0317,Aicha Naciri,55-64,m,Oujda,Bronze,instagram,2026-04-20,9999-12-31,True
269,C0145,Loubna Benjelloun,35-44,m,Tanger,Bronze,direct,2026-04-20,9999-12-31,True
270,C0160,Saad Berrada,inconnu,f,Agadir,Bronze,direct,2026-04-20,9999-12-31,True
271,C0810,Saad Benali,35-44,m,Meknès,Bronze,instagram,2026-04-20,9999-12-31,True
272,C0536,Ahmed Tazi,65+,f,Marrakech,Bronze,tiktok,2026-04-20,9999-12-31,True
273,C0816,Mehdi Mrabet,55-64,m,Oujda,Bronze,email_marketing,2026-04-20,9999-12-31,True
274,C0885,Sanaa Lahlou,55-64,m,Oujda,Bronze,direct,2026-04-20,9999-12-31,True
275,C0234,Omar Chraibi,25-34,m,Tanger,Bronze,email_marketing,2026-04-20,9999-12-31,True
276,C0623,Rachid Tahiri,25-34,f,Meknès,Bronze,bouche_a_oreille,2026-04-20,9999-12-31,True
277,C0905,Fatima Bouzidi,35-44,f,Tanger,Bronze,bouche_a_oreille,2026-04-20,9999-12-31,True
278,C0490,Saad Chraibi,35-44,m,Tanger,Bronze,tiktok,2026-04-20,9999-12-31,True
279,C0540,Aicha Hajji,35-44,m,Tanger,Bronze,email_marketing,2026-04-20,9999-12-31,True
280,C0781,Nabil Hajji,35-44,m,Non renseignée,Bronze,instagram,2026-04-20,9999-12-31,True
281,C0522,Aicha Mansouri,55-64,m,Tanger,Bronze,email_marketing,2026-04-20,9999-12-31,True
282,C0829,Sanaa Filali,25-34,m,Rabat,Bronze,google,2026-04-20,9999-12-31,True
283,C0025,Fatima Hajji,55-64,m,Tanger,Bronze,bouche_a_oreille,2026-04-20,9999-12-31,True
284,C0952,Omar Alaoui,25-34,m,Fès,Bronze,direct,2026-04-20,9999-12-31,True
285,C0112,Laila Mansouri,35-44,m,Marrakech,Bronze,tiktok,2026-04-20,9999-12-31,True
286,C0763,Meryem Kettani,35-44,f,Casablanca,Bronze,tiktok,2026-04-20,9999-12-31,True
287,C0426,Othmane Cherkaoui,18-24,m,Rabat,Bronze,bouche_a_oreille,2026-04-20,9999-12-31,True
288,C0857,Mohammed Filali,65+,f,Meknès,Bronze,bouche_a_oreille,2026-04-20,9999-12-31,True
289,C0101,Loubna Mrabet,55-64,m,Meknès,Bronze,tiktok,2026-04-20,9999-12-31,True
290,C0926,Hajar Mansouri,45-54,m,Tanger,Bronze,direct,2026-04-20,9999-12-31,True
291,C0323,Fatima Berrada,55-64,f,Casablanca,Bronze,direct,2026-04-20,9999-12-31,True
292,C0224,Loubna Mrabet,25-34,f,Rabat,Bronze,instagram,2026-04-20,9999-12-31,True
293,C0584,Tariq Tazi,35-44,f,Marrakech,Bronze,google,2026-04-20,9999-12-31,True
294,C1022,Hassan Tazi,18-24,m,Fès,Bronze,instagram,2026-04-20,9999-12-31,True
295,C0663,Othmane Tazi,25-34,f,Meknès,Bronze,bouche_a_oreille,2026-04-20,9999-12-31,True
296,C0655,Rachid Berrada,45-54,m,Marrakech,Bronze,instagram,2026-04-20,9999-12-31,True
297,C0292,Omar Cherkaoui,45-54,f,Agadir,Bronze,direct,2026-04-20,9999-12-31,True
298,C0135,Omar Sefrioui,25-34,m,Tanger,Bronze,tiktok,2026-04-20,9999-12-31,True
299,C0768,Aicha Mansouri,25-34,f,Casablanca,Bronze,email_marketing,2026-04-20,9999-12-31,True
300,C0163,Nadia Tazi,25-34,f,Meknès,Bronze,tiktok,2026-04-20,9999-12-31,True
301,C0196,Nabil Mansouri,18-24,f,Rabat,Bronze,email_marketing,2026-04-20,9999-12-31,True
302,C0736,Nadia Cherkaoui,45-54,m,Agadir,Bronze,instagram,2026-04-20,9999-12-31,True
303,C0823,Hajar Tahiri,55-64,f,Fès,Bronze,bouche_a_oreille,2026-04-20,9999-12-31,True
304,C0976,Hamza Tahiri,25-34,f,Tanger,Bronze,instagram,2026-04-20,9999-12-31,True
305,C0548,Hassan Lahlou,55-64,m,Casablanca,Bronze,email_marketing,2026-04-20,9999-12-31,True
306,C0841,Karim Berrada,55-64,m,Fès,Bronze,bouche_a_oreille,2026-04-20,9999-12-31,True
307,C0248,Houda Benali,25-34,f,Non renseignée,Bronze,instagram,2026-04-20,9999-12-31,True
308,C0011,Fatima Sefrioui,25-34,m,Oujda,Bronze,bouche_a_oreille,2026-04-20,9999-12-31,True
309,C0911,Laila Benhima,25-34,f,Fès,Bronze,bouche_a_oreille,2026-04-20,9999-12-31,True
310,C0875,Hamza Filali,35-44,m,Casablanca,Bronze,instagram,2026-04-20,9999-12-31,True
311,C0117,Loubna Kettani,45-54,m,Oujda,Bronze,tiktok,2026-04-20,9999-12-31,True
312,C0625,Sanaa Bouzidi,35-44,m,Non renseignée,Bronze,instagram,2026-04-20,9999-12-31,True
313,C0062,Laila Chraibi,18-24,f,Meknès,Bronze,bouche_a_oreille,2026-04-20,9999-12-31,True
314,C1018,Ghita Benhima,55-64,m,Casablanca,Bronze,bouche_a_oreille,2026-04-20,9999-12-31,True
315,C0963,Omar Tahiri,35-44,m,Agadir,Bronze,direct,2026-04-20,9999-12-31,True
316,C0896,Nabil Alaoui,35-44,m,Tanger,Bronze,bouche_a_oreille,2026-04-20,9999-12-31,True
317,C0376,Hamza Mrabet,45-54,m,Meknès,Bronze,direct,2026-04-20,9999-12-31,True
318,C1030,Tariq Tazi,45-54,f,Casablanca,Bronze,direct,2026-04-20,9999-12-31,True
319,C0031,Ghita Naciri,25-34,f,Oujda,Bronze,google,2026-04-20,9999-12-31,True
320,C0269,Hamza Mrabet,45-54,m,Agadir,Bronze,direct,2026-04-20,9999-12-31,True
321,C0046,Karim Cherkaoui,35-44,f,Oujda,Bronze,google,2026-04-20,9999-12-31,True
322,C0449,Hassan Lahlou,35-44,f,Marrakech,Bronze,email_marketing,2026-04-20,9999-12-31,True
323,C0063,Khadija Filali,18-24,f,Agadir,Bronze,google,2026-04-20,9999-12-31,True
324,C0064,Mohammed Squalli,25-34,f,Fès,Bronze,tiktok,2026-04-20,9999-12-31,True
325,C0283,Houda Berrada,18-24,m,Oujda,Bronze,tiktok,2026-04-20,9999-12-31,True
326,C0995,Mohammed Filali,25-34,f,Tanger,Bronze,email_marketing,2026-04-20,9999-12-31,True
327,C0517,Youssef Filali,55-64,f,Oujda,Bronze,google,2026-04-20,9999-12-31,True
328,C0017,Ghita Benhima,55-64,f,Tanger,Bronze,instagram,2026-04-20,9999-12-31,True
329,C0489,Tariq Kettani,55-64,f,Non renseignée,Bronze,bouche_a_oreille,2026-04-20,9999-12-31,True
330,C0173,Hamza Kettani,35-44,f,Marrakech,Bronze,direct,2026-04-20,9999-12-31,True
331,C0950,Laila Mrabet,inconnu,m,Oujda,Bronze,instagram,2026-04-20,9999-12-31,True
332,C0872,Omar Chraibi,35-44,f,Tanger,Bronze,direct,2026-04-20,9999-12-31,True
333,C0210,Hajar Filali,55-64,f,Agadir,Bronze,direct,2026-04-20,9999-12-31,True
334,C0676,Loubna Sefrioui,25-34,m,Casablanca,Bronze,tiktok,2026-04-20,9999-12-31,True
335,C0066,Othmane Lahlou,18-24,m,Tanger,Bronze,bouche_a_oreille,2026-04-20,9999-12-31,True
336,C0586,Mohammed Fassi,25-34,f,Marrakech,Bronze,direct,2026-04-20,9999-12-31,True
337,C0028,Loubna Lahlou,18-24,m,Fès,Bronze,instagram,2026-04-20,9999-12-31,True
338,C0947,Aicha Filali,55-64,f,Meknès,Bronze,tiktok,2026-04-20,9999-12-31,True
339,C0762,Khadija Lahlou,18-24,m,Marrakech,Bronze,google,2026-04-20,9999-12-31,True
340,C0181,Mehdi Benjelloun,25-34,f,Fès,Bronze,instagram,2026-04-20,9999-12-31,True
341,C0962,Amine Alaoui,55-64,m,Agadir,Bronze,tiktok,2026-04-20,9999-12-31,True
342,C0006,Houda Cherkaoui,25-34,m,Oujda,Bronze,instagram,2026-04-20,9999-12-31,True
343,C1021,Laila Tahiri,inconnu,m,Tanger,Bronze,bouche_a_oreille,2026-04-20,9999-12-31,True
344,C0493,Nabil Naciri,25-34,m,Meknès,Bronze,google,2026-04-20,9999-12-31,True
345,C0030,Ghita Berrada,45-54,f,Non renseignée,Bronze,bouche_a_oreille,2026-04-20,9999-12-31,True
346,C0646,Youssef Mrabet,45-54,f,Fès,Bronze,google,2026-04-20,9999-12-31,True
347,C0640,Hassan Kettani,inconnu,m,Fès,Bronze,direct,2026-04-20,9999-12-31,True
348,C0294,Imane Mrabet,35-44,m,Tanger,Bronze,google,2026-04-20,9999-12-31,True
349,C0641,Laila Sefrioui,55-64,m,Marrakech,Bronze,email_marketing,2026-04-20,9999-12-31,True
350,C0266,Zineb Benjelloun,45-54,m,Non renseignée,Bronze,tiktok,2026-04-20,9999-12-31,True
351,C0924,Ghita Alaoui,55-64,f,Tanger,Bronze,instagram,2026-04-20,9999-12-31,True
352,C0424,Nabil Cherkaoui,18-24,m,Meknès,Bronze,instagram,2026-04-20,9999-12-31,True
353,C0546,Amine Lahlou,18-24,m,Tanger,Bronze,bouche_a_oreille,2026-04-20,9999-12-31,True
354,C0244,Mohammed Mansouri,25-34,m,Tanger,Bronze,bouche_a_oreille,2026-04-20,9999-12-31,True
355,C0395,Amine Benjelloun,45-54,f,Oujda,Bronze,google,2026-04-20,9999-12-31,True
356,C0352,Zineb Alaoui,55-64,m,Marrakech,Bronze,google,2026-04-20,9999-12-31,True
357,C0691,Houda Filali,45-54,f,Fès,Bronze,google,2026-04-20,9999-12-31,True
358,C0733,Nabil Tahiri,25-34,f,Oujda,Bronze,tiktok,2026-04-20,9999-12-31,True
359,C0409,Loubna Squalli,45-54,f,Non renseignée,Bronze,email_marketing,2026-04-20,9999-12-31,True
360,C0284,Mohammed Filali,18-24,m,Tanger,Bronze,tiktok,2026-04-20,9999-12-31,True
361,C0308,Aicha Bouzidi,45-54,m,Marrakech,Bronze,google,2026-04-20,9999-12-31,True
362,C0277,Nadia Mrabet,25-34,m,Fès,Bronze,bouche_a_oreille,2026-04-20,9999-12-31,True
363,C0288,Loubna Berrada,35-44,m,Agadir,Bronze,instagram,2026-04-20,9999-12-31,True
364,C0696,Hassan Benhima,25-34,f,Fès,Bronze,direct,2026-04-20,9999-12-31,True
365,C0687,Amine Filali,55-64,f,Fès,Bronze,email_marketing,2026-04-20,9999-12-31,True
366,C0274,Mehdi Lahlou,65+,f,Casablanca,Bronze,instagram,2026-04-20,9999-12-31,True
367,C0553,Othmane Fassi,35-44,m,Oujda,Bronze,bouche_a_oreille,2026-04-20,9999-12-31,True
368,C0162,Hajar Hajji,45-54,f,Marrakech,Bronze,email_marketing,2026-04-20,9999-12-31,True
369,C0607,Fatima Benjelloun,45-54,f,Rabat,Bronze,tiktok,2026-04-20,9999-12-31,True
370,C0397,Saad Mansouri,55-64,f,Tanger,Bronze,email_marketing,2026-04-20,9999-12-31,True
371,C0520,Hassan Squalli,inconnu,f,Rabat,Bronze,google,2026-04-20,9999-12-31,True
372,C0734,Amine Filali,55-64,m,Casablanca,Bronze,google,2026-04-20,9999-12-31,True
373,C0436,Nabil Squalli,25-34,m,Marrakech,Bronze,bouche_a_oreille,2026-04-20,9999-12-31,True
374,C0847,Rachid Benjelloun,45-54,f,Rabat,Bronze,direct,2026-04-20,9999-12-31,True
375,C0396,Meryem Fassi,25-34,f,Agadir,Bronze,instagram,2026-04-20,9999-12-31,True
376,C0480,Sanaa Alaoui,inconnu,f,Fès,Bronze,bouche_a_oreille,2026-04-20,9999-12-31,True
377,C0132,Othmane Hajji,35-44,f,Agadir,Bronze,direct,2026-04-20,9999-12-31,True
378,C0611,Tariq Filali,55-64,m,Agadir,Bronze,bouche_a_oreille,2026-04-20,9999-12-31,True
379,C0761,Fatima Chraibi,55-64,m,Fès,Bronze,tiktok,2026-04-20,9999-12-31,True
380,C0712,Sanaa Alaoui,18-24,f,Rabat,Bronze,direct,2026-04-20,9999-12-31,True
381,C0100,Saad Benjelloun,inconnu,m,Tanger,Bronze,direct,2026-04-20,9999-12-31,True
382,C0514,Loubna Cherkaoui,18-24,f,Tanger,Bronze,google,2026-04-20,9999-12-31,True
383,C0955,Mehdi Tahiri,55-64,m,Agadir,Bronze,tiktok,2026-04-20,9999-12-31,True
384,C0315,Othmane Benhima,18-24,m,Rabat,Bronze,tiktok,2026-04-20,9999-12-31,True
385,C0933,Hassan Fassi,35-44,m,Tanger,Bronze,bouche_a_oreille,2026-04-20,9999-12-31,True
386,C0353,Nabil Benhima,25-34,m,Tanger,Bronze,bouche_a_oreille,2026-04-20,9999-12-31,True
387,C0110,Loubna Lahlou,18-24,f,Rabat,Bronze,instagram,2026-04-20,9999-12-31,True
388,C0580,Mehdi Berrada,25-34,f,Agadir,Bronze,tiktok,2026-04-20,9999-12-31,True
389,C0673,Soukaina Tahiri,55-64,f,Rabat,Bronze,google,2026-04-20,9999-12-31,True
390,C0264,Zineb Benhima,25-34,f,Casablanca,Bronze,direct,2026-04-20,9999-12-31,True
391,C0503,Fatima Berrada,18-24,f,Rabat,Bronze,bouche_a_oreille,2026-04-20,9999-12-31,True
392,C0916,Khadija Squalli,18-24,m,Fès,Bronze,instagram,2026-04-20,9999-12-31,True
393,C0372,Othmane Alaoui,55-64,m,Casablanca,Bronze,instagram,2026-04-20,9999-12-31,True
394,C0386,Meryem Berrada,55-64,m,Meknès,Bronze,email_marketing,2026-04-20,9999-12-31,True
395,C1040,Sara Benali,55-64,m,Casablanca,Bronze,instagram,2026-04-20,9999-12-31,True
396,C0454,Laila Benali,45-54,f,Tanger,Bronze,google,2026-04-20,9999-12-31,True
397,C0415,Loubna Bouzidi,45-54,f,Rabat,Bronze,bouche_a_oreille,2026-04-20,9999-12-31,True
398,C0809,Hajar Bouzidi,35-44,m,Marrakech,Bronze,direct,2026-04-20,9999-12-31,True
399,C0120,Karim Bouzidi,inconnu,f,Agadir,Bronze,instagram,2026-04-20,9999-12-31,True
400,C0735,Mohammed Mansouri,18-24,f,Marrakech,Bronze,bouche_a_oreille,2026-04-20,9999-12-31,True
401,C0683,Aicha Benjelloun,25-34,m,Fès,Bronze,instagram,2026-04-20,9999-12-31,True
402,C0740,Soukaina Cherkaoui,25-34,m,Non renseignée,Bronze,direct,2026-04-20,9999-12-31,True
403,C0854,Nadia Filali,18-24,m,Agadir,Bronze,google,2026-04-20,9999-12-31,True
404,C0874,Ilias Cherkaoui,25-34,m,Fès,Bronze,direct,2026-04-20,9999-12-31,True
405,C0693,Youssef Naciri,55-64,m,Rabat,Bronze,tiktok,2026-04-20,9999-12-31,True
406,C0345,Hamza Fassi,45-54,m,Casablanca,Bronze,instagram,2026-04-20,9999-12-31,True
407,C0817,Ilias Alaoui,35-44,m,Casablanca,Bronze,tiktok,2026-04-20,9999-12-31,True
408,C0453,Youssef Chraibi,35-44,f,Non renseignée,Bronze,email_marketing,2026-04-20,9999-12-31,True
409,C1043,Sanaa Benhima,18-24,f,Casablanca,Bronze,google,2026-04-20,9999-12-31,True
410,C0730,Laila Benali,35-44,m,Tanger,Bronze,direct,2026-04-20,9999-12-31,True
411,C0236,Khadija Kettani,35-44,m,Tanger,Bronze,google,2026-04-20,9999-12-31,True
412,C0689,Meryem Filali,45-54,f,Tanger,Bronze,bouche_a_oreille,2026-04-20,9999-12-31,True
413,C0983,Soukaina Naciri,18-24,f,Marrakech,Bronze,tiktok,2026-04-20,9999-12-31,True
414,C0015,Imane Naciri,25-34,f,Marrakech,Bronze,tiktok,2026-04-20,9999-12-31,True
415,C0328,Mehdi Sefrioui,18-24,f,Meknès,Bronze,direct,2026-04-20,9999-12-31,True
416,C0394,Loubna Benali,25-34,m,Tanger,Bronze,email_marketing,2026-04-20,9999-12-31,True
417,C0148,Othmane Filali,25-34,m,Tanger,Bronze,bouche_a_oreille,2026-04-20,9999-12-31,True
418,C0401,Mehdi Chraibi,18-24,m,Non renseignée,Bronze,instagram,2026-04-20,9999-12-31,True
419,C0694,Laila Bouzidi,25-34,m,Agadir,Bronze,instagram,2026-04-20,9999-12-31,True
420,C0748,Sara Kettani,25-34,m,Casablanca,Bronze,tiktok,2026-04-20,9999-12-31,True
421,C0044,Amine Alaoui,25-34,m,Tanger,Bronze,email_marketing,2026-04-20,9999-12-31,True
422,C0314,Hajar Benali,25-34,m,Fès,Bronze,bouche_a_oreille,2026-04-20,9999-12-31,True
423,C0212,Amine Benali,25-34,f,Fès,Bronze,email_marketing,2026-04-20,9999-12-31,True
424,C0747,Omar Benjelloun,55-64,f,Marrakech,Bronze,bouche_a_oreille,2026-04-20,9999-12-31,True
425,C0216,Sanaa Tazi,35-44,f,Rabat,Bronze,tiktok,2026-04-20,9999-12-31,True
426,C0715,Othmane Benjelloun,18-24,f,Oujda,Bronze,tiktok,2026-04-20,9999-12-31,True
427,C0344,Nadia Naciri,45-54,f,Agadir,Bronze,tiktok,2026-04-20,9999-12-31,True
428,C0423,Hassan Fassi,45-54,f,Meknès,Bronze,tiktok,2026-04-20,9999-12-31,True
429,C0146,Nadia Benjelloun,18-24,f,Non renseignée,Bronze,tiktok,2026-04-20,9999-12-31,True
430,C0088,Laila Cherkaoui,45-54,f,Rabat,Bronze,google,2026-04-20,9999-12-31,True
431,C0915,Sanaa Sefrioui,18-24,f,Tanger,Bronze,instagram,2026-04-20,9999-12-31,True
432,C0465,Aicha Alaoui,45-54,m,Meknès,Bronze,direct,2026-04-20,9999-12-31,True
433,C0726,Houda Berrada,25-34,m,Tanger,Bronze,bouche_a_oreille,2026-04-20,9999-12-31,True
434,C0337,Meryem Alaoui,45-54,f,Agadir,Bronze,direct,2026-04-20,9999-12-31,True
435,C0642,Aicha Fassi,45-54,m,Fès,Bronze,email_marketing,2026-04-20,9999-12-31,True
436,C0050,Soukaina Naciri,inconnu,m,Tanger,Bronze,bouche_a_oreille,2026-04-20,9999-12-31,True
437,C0737,Tariq Hajji,35-44,f,Tanger,Bronze,instagram,2026-04-20,9999-12-31,True
438,C0433,Ghita Mansouri,25-34,f,Tanger,Bronze,bouche_a_oreille,2026-04-20,9999-12-31,True
439,C0195,Soukaina Sefrioui,25-34,m,Agadir,Bronze,google,2026-04-20,9999-12-31,True
440,C0552,Hajar Benhima,18-24,f,Casablanca,Bronze,instagram,2026-04-20,9999-12-31,True
441,C0191,Nadia Berrada,25-34,m,Marrakech,Bronze,bouche_a_oreille,2026-04-20,9999-12-31,True
442,C0739,Nadia Lahlou,55-64,m,Agadir,Bronze,email_marketing,2026-04-20,9999-12-31,True
443,C0470,Tariq Alaoui,35-44,m,Meknès,Bronze,google,2026-04-20,9999-12-31,True
444,C0566,Youssef Alaoui,18-24,m,Fès,Bronze,bouche_a_oreille,2026-04-20,9999-12-31,True
445,C0475,Laila Cherkaoui,25-34,m,Fès,Bronze,direct,2026-04-20,9999-12-31,True
446,C0298,Amine Squalli,35-44,f,Marrakech,Bronze,google,2026-04-20,9999-12-31,True
447,C0296,Loubna Sefrioui,45-54,m,Casablanca,Bronze,tiktok,2026-04-20,9999-12-31,True
448,C0005,Houda Benhima,25-34,m,Casablanca,Bronze,direct,2026-04-20,9999-12-31,True
449,C0057,Mehdi Berrada,18-24,m,Rabat,Bronze,google,2026-04-20,9999-12-31,True
450,C0116,Tariq Fassi,25-34,m,Marrakech,Bronze,tiktok,2026-04-20,9999-12-31,True
451,C0822,Meryem Filali,35-44,f,Tanger,Bronze,bouche_a_oreille,2026-04-20,9999-12-31,True
452,C0920,Meryem Filali,inconnu,f,Agadir,Bronze,bouche_a_oreille,2026-04-20,9999-12-31,True
453,C0856,Nabil Lahlou,35-44,m,Tanger,Bronze,google,2026-04-20,9999-12-31,True
454,C0109,Soukaina Mrabet,25-34,m,Casablanca,Bronze,email_marketing,2026-04-20,9999-12-31,True
455,C0498,Saad Lahlou,25-34,f,Oujda,Bronze,bouche_a_oreille,2026-04-20,9999-12-31,True
456,C0488,Loubna Bouzidi,55-64,f,Agadir,Bronze,instagram,2026-04-20,9999-12-31,True
457,C0561,Hassan Alaoui,35-44,m,Agadir,Bronze,bouche_a_oreille,2026-04-20,9999-12-31,True
458,C0055,Mehdi Alaoui,45-54,m,Tanger,Bronze,bouche_a_oreille,2026-04-20,9999-12-31,True
459,C0243,Aicha Benjelloun,25-34,f,Rabat,Bronze,google,2026-04-20,9999-12-31,True
460,C0922,Mehdi Hajji,25-34,f,Marrakech,Bronze,direct,2026-04-20,9999-12-31,True
461,C0535,Ilias Naciri,18-24,f,Agadir,Bronze,bouche_a_oreille,2026-04-20,9999-12-31,True
462,C0792,Laila Benjelloun,45-54,m,Rabat,Bronze,google,2026-04-20,9999-12-31,True
463,C0331,Hamza Mrabet,35-44,m,Tanger,Bronze,bouche_a_oreille,2026-04-20,9999-12-31,True
464,C0084,Houda Mansouri,55-64,m,Tanger,Bronze,direct,2026-04-20,9999-12-31,True
465,C0886,Sanaa Kettani,55-64,f,Rabat,Bronze,bouche_a_oreille,2026-04-20,9999-12-31,True
466,C0970,Mehdi Mrabet,55-64,m,Agadir,Bronze,tiktok,2026-04-20,9999-12-31,True
467,C0343,Saad Berrada,35-44,f,Non renseignée,Bronze,instagram,2026-04-20,9999-12-31,True
468,C0755,Sanaa Squalli,45-54,m,Agadir,Bronze,google,2026-04-20,9999-12-31,True
469,C0756,Ahmed Tahiri,18-24,m,Casablanca,Bronze,instagram,2026-04-20,9999-12-31,True
470,C0661,Aicha Mrabet,35-44,f,Casablanca,Bronze,instagram,2026-04-20,9999-12-31,True
471,C0167,Hajar Sefrioui,45-54,m,Tanger,Bronze,google,2026-04-20,9999-12-31,True
472,C0820,Meryem Kettani,55-64,f,Fès,Bronze,bouche_a_oreille,2026-04-20,9999-12-31,True
473,C0709,Zineb Benali,45-54,f,Casablanca,Bronze,bouche_a_oreille,2026-04-20,9999-12-31,True
474,C0506,Tariq Tazi,55-64,m,Fès,Bronze,direct,2026-04-20,9999-12-31,True
475,C0906,Mehdi Filali,55-64,f,Rabat,Bronze,instagram,2026-04-20,9999-12-31,True
476,C0416,Amine Hajji,45-54,f,Marrakech,Bronze,tiktok,2026-04-20,9999-12-31,True
477,C0037,Ahmed Squalli,45-54,f,Agadir,Bronze,bouche_a_oreille,2026-04-20,9999-12-31,True
478,C0798,Hajar Mansouri,55-64,f,Fès,Bronze,instagram,2026-04-20,9999-12-31,True
479,C0018,Saad Lahlou,25-34,m,Rabat,Bronze,bouche_a_oreille,2026-04-20,9999-12-31,True
480,C0634,Ahmed Squalli,45-54,f,Agadir,Bronze,direct,2026-04-20,9999-12-31,True
481,C0604,Tariq Bouzidi,35-44,f,Marrakech,Bronze,google,2026-04-20,9999-12-31,True
482,C0791,Soukaina Benhima,55-64,f,Fès,Bronze,direct,2026-04-20,9999-12-31,True
483,C0138,Sara Bouzidi,45-54,f,Oujda,Bronze,instagram,2026-04-20,9999-12-31,True
484,C0960,Fatima Mrabet,inconnu,m,Agadir,Bronze,tiktok,2026-04-20,9999-12-31,True
485,C0233,Aicha Chraibi,18-24,f,Marrakech,Bronze,bouche_a_oreille,2026-04-20,9999-12-31,True
486,C1017,Amine Sefrioui,25-34,m,Non renseignée,Bronze,direct,2026-04-20,9999-12-31,True
487,C0979,Ahmed Berrada,25-34,f,Marrakech,Bronze,direct,2026-04-20,9999-12-31,True
488,C0407,Sara Sefrioui,55-64,m,Fès,Bronze,google,2026-04-20,9999-12-31,True
489,C0497,Mehdi Kettani,55-64,m,Meknès,Bronze,bouche_a_oreille,2026-04-20,9999-12-31,True
490,C0364,Hassan Filali,55-64,f,Meknès,Bronze,email_marketing,2026-04-20,9999-12-31,True
491,C0567,Ahmed Benali,25-34,m,Oujda,Bronze,instagram,2026-04-20,9999-12-31,True
492,C0793,Soukaina Bouzidi,35-44,f,Casablanca,Bronze,tiktok,2026-04-20,9999-12-31,True
493,C0612,Ghita Berrada,18-24,f,Tanger,Bronze,bouche_a_oreille,2026-04-20,9999-12-31,True
494,C0927,Houda Berrada,25-34,m,Rabat,Bronze,bouche_a_oreille,2026-04-20,9999-12-31,True
495,C0455,Houda Tahiri,45-54,f,Tanger,Bronze,instagram,2026-04-20,9999-12-31,True
496,C0068,Hajar Chraibi,45-54,f,Fès,Bronze,email_marketing,2026-04-20,9999-12-31,True
497,C0828,Meryem Berrada,55-64,m,Fès,Bronze,google,2026-04-20,9999-12-31,True
498,C0009,Amine Mansouri,18-24,f,Tanger,Bronze,direct,2026-04-20,9999-12-31,True
499,C0826,Tariq Fassi,35-44,f,Marrakech,Bronze,google,2026-04-20,9999-12-31,True
500,C0193,Youssef Sefrioui,25-34,m,Oujda,Bronze,direct,2026-04-20,9999-12-31,True
501,C0977,Zineb Hajji,35-44,m,Non renseignée,Bronze,instagram,2026-04-20,9999-12-31,True
502,C0648,Sara Squalli,55-64,f,Fès,Bronze,instagram,2026-04-20,9999-12-31,True
503,C0575,Zineb Cherkaoui,55-64,f,Tanger,Bronze,direct,2026-04-20,9999-12-31,True
504,C0967,Mohammed Kettani,55-64,m,Casablanca,Bronze,google,2026-04-20,9999-12-31,True
505,C0710,Mohammed Sefrioui,35-44,m,Agadir,Bronze,tiktok,2026-04-20,9999-12-31,True
506,C0742,Hajar Hajji,25-34,f,Casablanca,Bronze,email_marketing,2026-04-20,9999-12-31,True
507,C0391,Ilias Benjelloun,25-34,m,Tanger,Bronze,direct,2026-04-20,9999-12-31,True
508,C0629,Hajar Mansouri,45-54,m,Agadir,Bronze,tiktok,2026-04-20,9999-12-31,True
509,C0797,Imane Benhima,25-34,f,Rabat,Bronze,instagram,2026-04-20,9999-12-31,True
510,C0839,Imane Mansouri,35-44,f,Non renseignée,Bronze,email_marketing,2026-04-20,9999-12-31,True
511,C0618,Loubna Tazi,55-64,f,Tanger,Bronze,tiktok,2026-04-20,9999-12-31,True
512,C0931,Loubna Benali,18-24,f,Fès,Bronze,tiktok,2026-04-20,9999-12-31,True
513,C0697,Karim Benali,55-64,f,Fès,Bronze,instagram,2026-04-20,9999-12-31,True
514,C0382,Hajar Tahiri,18-24,m,Fès,Bronze,bouche_a_oreille,2026-04-20,9999-12-31,True
515,C0094,Karim Bouzidi,55-64,m,Rabat,Bronze,tiktok,2026-04-20,9999-12-31,True
516,C0596,Mehdi Benjelloun,55-64,m,Marrakech,Bronze,instagram,2026-04-20,9999-12-31,True
517,C0881,Laila Filali,25-34,m,Agadir,Bronze,tiktok,2026-04-20,9999-12-31,True
518,C0981,Karim Alaoui,25-34,f,Tanger,Bronze,tiktok,2026-04-20,9999-12-31,True
519,C0335,Loubna Hajji,25-34,m,Tanger,Bronze,direct,2026-04-20,9999-12-31,True
520,C0551,Nabil Kettani,18-24,m,Tanger,Bronze,direct,2026-04-20,9999-12-31,True
521,C0483,Khadija Chraibi,18-24,f,Non renseignée,Bronze,direct,2026-04-20,9999-12-31,True
522,C0941,Youssef Chraibi,35-44,f,Fès,Bronze,email_marketing,2026-04-20,9999-12-31,True
523,C0666,Houda Cherkaoui,25-34,m,Marrakech,Bronze,tiktok,2026-04-20,9999-12-31,True
524,C0034,Zineb Cherkaoui,18-24,m,Fès,Bronze,direct,2026-04-20,9999-12-31,True
525,C0056,Sanaa Tazi,55-64,f,Meknès,Bronze,instagram,2026-04-20,9999-12-31,True
526,C1005,Nadia Sefrioui,55-64,m,Rabat,Bronze,instagram,2026-04-20,9999-12-31,True
527,C0324,Imane Hajji,35-44,m,Rabat,Bronze,direct,2026-04-20,9999-12-31,True
528,C0217,Mehdi Lahlou,25-34,m,Fès,Bronze,bouche_a_oreille,2026-04-20,9999-12-31,True
529,C0543,Othmane Filali,45-54,f,Rabat,Bronze,tiktok,2026-04-20,9999-12-31,True
530,C0170,Ahmed Mansouri,35-44,f,Agadir,Bronze,bouche_a_oreille,2026-04-20,9999-12-31,True
531,C0206,Soukaina Naciri,35-44,f,Marrakech,Bronze,direct,2026-04-20,9999-12-31,True
532,C0583,Khadija Mansouri,55-64,m,Marrakech,Bronze,tiktok,2026-04-20,9999-12-31,True
533,C0219,Sanaa Tahiri,45-54,m,Marrakech,Bronze,google,2026-04-20,9999-12-31,True
534,C0525,Mohammed Chraibi,55-64,f,Marrakech,Bronze,tiktok,2026-04-20,9999-12-31,True
535,C0227,Ahmed Filali,45-54,m,Non renseignée,Bronze,email_marketing,2026-04-20,9999-12-31,True
536,C0883,Ghita Squalli,45-54,f,Fès,Bronze,direct,2026-04-20,9999-12-31,True
537,C0502,Houda Lahlou,18-24,m,Tanger,Bronze,instagram,2026-04-20,9999-12-31,True
538,C0201,Ghita Benhima,55-64,f,Meknès,Bronze,google,2026-04-20,9999-12-31,True
539,C0819,Mohammed Filali,45-54,m,Meknès,Bronze,bouche_a_oreille,2026-04-20,9999-12-31,True
540,C0893,Nadia Benali,45-54,f,Rabat,Bronze,bouche_a_oreille,2026-04-20,9999-12-31,True
541,C0597,Houda Berrada,18-24,m,Rabat,Bronze,email_marketing,2026-04-20,9999-12-31,True
542,C0938,Mohammed Tahiri,55-64,f,Rabat,Bronze,instagram,2026-04-20,9999-12-31,True
543,C0515,Aicha Mrabet,55-64,f,Rabat,Bronze,email_marketing,2026-04-20,9999-12-31,True
544,C0334,Houda Naciri,45-54,m,Meknès,Bronze,email_marketing,2026-04-20,9999-12-31,True
545,C0411,Meryem Naciri,45-54,m,Marrakech,Bronze,google,2026-04-20,9999-12-31,True
546,C0608,Nadia Berrada,25-34,m,Meknès,Bronze,google,2026-04-20,9999-12-31,True
547,C0291,Rachid Tazi,18-24,m,Casablanca,Bronze,direct,2026-04-20,9999-12-31,True
548,C0129,Othmane Benjelloun,25-34,f,Oujda,Bronze,google,2026-04-20,9999-12-31,True
549,C0622,Saad Mansouri,55-64,f,Fès,Bronze,google,2026-04-20,9999-12-31,True
550,C0203,Khadija Kettani,35-44,f,Marrakech,Bronze,google,2026-04-20,9999-12-31,True
551,C0474,Youssef Naciri,35-44,f,Meknès,Bronze,direct,2026-04-20,9999-12-31,True
552,C0321,Meryem Alaoui,45-54,f,Marrakech,Bronze,email_marketing,2026-04-20,9999-12-31,True
553,C0495,Omar Kettani,45-54,f,Fès,Bronze,bouche_a_oreille,2026-04-20,9999-12-31,True
554,C1029,Mehdi Sefrioui,55-64,m,Tanger,Bronze,email_marketing,2026-04-20,9999-12-31,True
555,C0778,Mohammed Fassi,25-34,m,Marrakech,Bronze,tiktok,2026-04-20,9999-12-31,True
556,C0150,Khadija Lahlou,inconnu,f,Oujda,Bronze,instagram,2026-04-20,9999-12-31,True
557,C0355,Laila Chraibi,25-34,m,Fès,Bronze,email_marketing,2026-04-20,9999-12-31,True
558,C0273,Tariq Benhima,35-44,f,Tanger,Bronze,direct,2026-04-20,9999-12-31,True
559,C0268,Rachid Tazi,55-64,m,Oujda,Bronze,google,2026-04-20,9999-12-31,True
560,C0439,Aicha Benali,25-34,f,Tanger,Bronze,tiktok,2026-04-20,9999-12-31,True
561,C0968,Laila Benjelloun,18-24,m,Rabat,Bronze,email_marketing,2026-04-20,9999-12-31,True
562,C0221,Rachid Bouzidi,25-34,f,Casablanca,Bronze,direct,2026-04-20,9999-12-31,True
563,C0501,Nadia Kettani,45-54,m,Rabat,Bronze,tiktok,2026-04-20,9999-12-31,True
564,C0033,Fatima Filali,55-64,f,Meknès,Bronze,instagram,2026-04-20,9999-12-31,True
565,C0320,Imane Mansouri,inconnu,f,Oujda,Bronze,instagram,2026-04-20,9999-12-31,True
566,C0342,Hassan Benjelloun,45-54,m,Rabat,Bronze,tiktok,2026-04-20,9999-12-31,True
567,C1015,Sara Mrabet,18-24,f,Oujda,Bronze,google,2026-04-20,9999-12-31,True
568,C0891,Laila Bouzidi,18-24,f,Fès,Bronze,email_marketing,2026-04-20,9999-12-31,True
569,C0472,Omar Naciri,35-44,m,Meknès,Bronze,email_marketing,2026-04-20,9999-12-31,True
570,C0405,Khadija Squalli,25-34,f,Casablanca,Bronze,tiktok,2026-04-20,9999-12-31,True
571,C0892,Meryem Lahlou,18-24,f,Fès,Bronze,email_marketing,2026-04-20,9999-12-31,True
572,C0430,Nabil Squalli,35-44,f,Rabat,Bronze,instagram,2026-04-20,9999-12-31,True
573,C1024,Omar Alaoui,25-34,m,Meknès,Bronze,bouche_a_oreille,2026-04-20,9999-12-31,True
574,C0897,Nabil Tahiri,25-34,m,Marrakech,Bronze,email_marketing,2026-04-20,9999-12-31,True
575,C0852,Ahmed Benjelloun,35-44,f,Fès,Bronze,google,2026-04-20,9999-12-31,True
576,C0392,Laila Cherkaoui,25-34,m,Tanger,Bronze,instagram,2026-04-20,9999-12-31,True
577,C0090,Aicha Kettani,35-44,f,Marrakech,Bronze,direct,2026-04-20,9999-12-31,True
578,C0579,Ahmed Naciri,18-24,m,Casablanca,Bronze,direct,2026-04-20,9999-12-31,True
579,C0770,Ahmed Bouzidi,65+,f,Tanger,Bronze,email_marketing,2026-04-20,9999-12-31,True
580,C0061,Imane Fassi,35-44,f,Tanger,Bronze,direct,2026-04-20,9999-12-31,True
581,C0306,Aicha Alaoui,35-44,f,Oujda,Bronze,tiktok,2026-04-20,9999-12-31,True
582,C0882,Meryem Tazi,55-64,m,Oujda,Bronze,tiktok,2026-04-20,9999-12-31,True
583,C0908,Youssef Lahlou,45-54,m,Marrakech,Bronze,instagram,2026-04-20,9999-12-31,True
584,C0504,Houda Berrada,25-34,f,Fès,Bronze,bouche_a_oreille,2026-04-20,9999-12-31,True
585,C0179,Youssef Alaoui,55-64,m,Casablanca,Bronze,google,2026-04-20,9999-12-31,True
586,C0262,Mohammed Lahlou,45-54,m,Casablanca,Bronze,direct,2026-04-20,9999-12-31,True
587,C0384,Sanaa Naciri,45-54,m,Rabat,Bronze,direct,2026-04-20,9999-12-31,True
588,C0606,Hajar Sefrioui,55-64,m,Non renseignée,Bronze,email_marketing,2026-04-20,9999-12-31,True
589,C0026,Imane Squalli,25-34,m,Agadir,Bronze,bouche_a_oreille,2026-04-20,9999-12-31,True
590,C0072,Sanaa Chraibi,35-44,m,Rabat,Bronze,google,2026-04-20,9999-12-31,True
591,C0010,Hajar Berrada,45-54,m,Oujda,Bronze,instagram,2026-04-20,9999-12-31,True
592,C0848,Saad Hajji,25-34,m,Rabat,Bronze,email_marketing,2026-04-20,9999-12-31,True
593,C0832,Imane Filali,35-44,f,Tanger,Bronze,direct,2026-04-20,9999-12-31,True
594,C0707,Aicha Alaoui,45-54,m,Rabat,Bronze,bouche_a_oreille,2026-04-20,9999-12-31,True
595,C0988,Ilias Lahlou,45-54,m,Non renseignée,Bronze,email_marketing,2026-04-20,9999-12-31,True
596,C0241,Tariq Hajji,35-44,f,Tanger,Bronze,bouche_a_oreille,2026-04-20,9999-12-31,True
597,C0870,Nadia Filali,25-34,f,Agadir,Bronze,bouche_a_oreille,2026-04-20,9999-12-31,True
598,C0530,Ghita Bouzidi,35-44,f,Agadir,Bronze,bouche_a_oreille,2026-04-20,9999-12-31,True
599,C0177,Zineb Benhima,18-24,f,Casablanca,Bronze,tiktok,2026-04-20,9999-12-31,True
600,C0865,Nabil Bouzidi,35-44,m,Meknès,Bronze,tiktok,2026-04-20,9999-12-31,True
601,C0862,Karim Filali,18-24,m,Casablanca,Bronze,instagram,2026-04-20,9999-12-31,True
602,C0842,Loubna Lahlou,55-64,f,Fès,Bronze,google,2026-04-20,9999-12-31,True
603,C0444,Youssef Tazi,55-64,m,Tanger,Bronze,bouche_a_oreille,2026-04-20,9999-12-31,True
604,C0667,Hamza Benali,55-64,f,Non renseignée,Bronze,tiktok,2026-04-20,9999-12-31,True
605,C0142,Othmane Benali,18-24,m,Marrakech,Bronze,instagram,2026-04-20,9999-12-31,True
606,C0654,Sanaa Squalli,25-34,f,Tanger,Bronze,tiktok,2026-04-20,9999-12-31,True
607,C0204,Youssef Alaoui,18-24,m,Meknès,Bronze,bouche_a_oreille,2026-04-20,9999-12-31,True
608,C0895,Mehdi Tahiri,45-54,f,Casablanca,Bronze,tiktok,2026-04-20,9999-12-31,True
609,C0764,Ilias Hajji,18-24,f,Non renseignée,Bronze,tiktok,2026-04-20,9999-12-31,True
610,C0769,Mehdi Lahlou,18-24,m,Casablanca,Bronze,google,2026-04-20,9999-12-31,True
611,C0662,Nabil Alaoui,18-24,f,Tanger,Bronze,direct,2026-04-20,9999-12-31,True
612,C0295,Loubna Mansouri,55-64,m,Tanger,Bronze,bouche_a_oreille,2026-04-20,9999-12-31,True
613,C0647,Nabil Naciri,55-64,m,Fès,Bronze,email_marketing,2026-04-20,9999-12-31,True
614,C0422,Youssef Chraibi,25-34,m,Meknès,Bronze,email_marketing,2026-04-20,9999-12-31,True
615,C0360,Nadia Alaoui,inconnu,m,Casablanca,Bronze,tiktok,2026-04-20,9999-12-31,True
616,C0753,Laila Tazi,45-54,f,Casablanca,Bronze,tiktok,2026-04-20,9999-12-31,True
617,C0027,Karim Sefrioui,45-54,f,Marrakech,Bronze,direct,2026-04-20,9999-12-31,True
618,C0310,Hamza Squalli,35-44,m,Fès,Bronze,tiktok,2026-04-20,9999-12-31,True
619,C0171,Othmane Fassi,55-64,m,Meknès,Bronze,google,2026-04-20,9999-12-31,True
620,C0795,Khadija Sefrioui,35-44,f,Marrakech,Bronze,direct,2026-04-20,9999-12-31,True
621,C0824,Othmane Filali,45-54,m,Fès,Bronze,email_marketing,2026-04-20,9999-12-31,True
622,C0098,Sara Cherkaoui,25-34,m,Tanger,Bronze,tiktok,2026-04-20,9999-12-31,True
623,C0849,Mehdi Filali,25-34,m,Tanger,Bronze,google,2026-04-20,9999-12-31,True
624,C0065,Sara Alaoui,25-34,f,Tanger,Bronze,email_marketing,2026-04-20,9999-12-31,True
625,C0231,Laila Sefrioui,18-24,f,Fès,Bronze,instagram,2026-04-20,9999-12-31,True
626,C0303,Karim Naciri,35-44,m,Oujda,Bronze,google,2026-04-20,9999-12-31,True
627,C0677,Ilias Benjelloun,55-64,f,Marrakech,Bronze,bouche_a_oreille,2026-04-20,9999-12-31,True
628,C0365,Aicha Naciri,45-54,m,Rabat,Bronze,google,2026-04-20,9999-12-31,True
629,C0280,Nabil Benhima,inconnu,f,Casablanca,Bronze,bouche_a_oreille,2026-04-20,9999-12-31,True
630,C0508,Hamza Chraibi,35-44,m,Casablanca,Bronze,google,2026-04-20,9999-12-31,True
631,C0600,Hassan Filali,inconnu,f,Agadir,Bronze,bouche_a_oreille,2026-04-20,9999-12-31,True
632,C0800,Houda Fassi,inconnu,m,Rabat,Bronze,tiktok,2026-04-20,9999-12-31,True
633,C0917,Soukaina Mansouri,55-64,m,Rabat,Bronze,google,2026-04-20,9999-12-31,True
634,C0004,Nabil Kettani,35-44,f,Casablanca,Bronze,google,2026-04-20,9999-12-31,True
635,C0041,Houda Naciri,35-44,f,Casablanca,Bronze,direct,2026-04-20,9999-12-31,True
636,C0868,Imane Chraibi,55-64,f,Oujda,Bronze,bouche_a_oreille,2026-04-20,9999-12-31,True
637,C0054,Nadia Mansouri,45-54,m,Oujda,Bronze,email_marketing,2026-04-20,9999-12-31,True
638,C0059,Khadija Squalli,55-64,m,Fès,Bronze,instagram,2026-04-20,9999-12-31,True
639,C0385,Meryem Sefrioui,45-54,m,Meknès,Bronze,bouche_a_oreille,2026-04-20,9999-12-31,True
640,C0166,Nadia Sefrioui,55-64,m,Meknès,Bronze,bouche_a_oreille,2026-04-20,9999-12-31,True
641,C0122,Sara Lahlou,35-44,f,Oujda,Bronze,email_marketing,2026-04-20,9999-12-31,True
642,C0750,Khadija Chraibi,inconnu,f,Meknès,Bronze,tiktok,2026-04-20,9999-12-31,True
643,C0141,Sara Filali,35-44,f,Oujda,Bronze,email_marketing,2026-04-20,9999-12-31,True
644,C0722,Hamza Benjelloun,35-44,f,Casablanca,Bronze,direct,2026-04-20,9999-12-31,True
645,C0272,Laila Kettani,45-54,f,Fès,Bronze,tiktok,2026-04-20,9999-12-31,True
646,C0595,Nadia Tazi,25-34,f,Casablanca,Bronze,email_marketing,2026-04-20,9999-12-31,True
647,C0743,Loubna Mrabet,25-34,f,Non renseignée,Bronze,tiktok,2026-04-20,9999-12-31,True
648,C0393,Sanaa Benhima,25-34,m,Casablanca,Bronze,email_marketing,2026-04-20,9999-12-31,True
649,C0942,Houda Alaoui,18-24,m,Non renseignée,Bronze,bouche_a_oreille,2026-04-20,9999-12-31,True
650,C0494,Laila Hajji,45-54,f,Oujda,Bronze,direct,2026-04-20,9999-12-31,True
651,C0729,Saad Mrabet,45-54,f,Tanger,Bronze,direct,2026-04-20,9999-12-31,True
652,C0840,Ghita Cherkaoui,inconnu,f,Tanger,Bronze,bouche_a_oreille,2026-04-20,9999-12-31,True
653,C0775,Ahmed Tahiri,25-34,f,Tanger,Bronze,bouche_a_oreille,2026-04-20,9999-12-31,True
654,C0496,Hajar Benjelloun,55-64,f,Fès,Bronze,instagram,2026-04-20,9999-12-31,True
655,C0180,Hamza Hajji,35-44,m,Rabat,Bronze,direct,2026-04-20,9999-12-31,True
656,C0359,Ilias Chraibi,25-34,m,Agadir,Bronze,email_marketing,2026-04-20,9999-12-31,True
657,C0285,Mohammed Alaoui,35-44,f,Marrakech,Bronze,tiktok,2026-04-20,9999-12-31,True
658,C0783,Sara Filali,35-44,m,Oujda,Bronze,instagram,2026-04-20,9999-12-31,True
659,C0765,Saad Berrada,18-24,m,Non renseignée,Bronze,direct,2026-04-20,9999-12-31,True
660,C0937,Zineb Berrada,55-64,f,Casablanca,Bronze,email_marketing,2026-04-20,9999-12-31,True
661,C0128,Imane Tazi,18-24,m,Fès,Bronze,direct,2026-04-20,9999-12-31,True
662,C0190,Khadija Kettani,35-44,m,Non renseignée,Bronze,google,2026-04-20,9999-12-31,True
663,C0091,Laila Fassi,18-24,m,Non renseignée,Bronze,google,2026-04-20,9999-12-31,True
664,C0919,Ilias Naciri,55-64,m,Rabat,Bronze,google,2026-04-20,9999-12-31,True
665,C0844,Imane Benjelloun,35-44,m,Fès,Bronze,tiktok,2026-04-20,9999-12-31,True
666,C0711,Nabil Bouzidi,45-54,f,Tanger,Bronze,instagram,2026-04-20,9999-12-31,True
667,C0720,Khadija Sefrioui,inconnu,m,Oujda,Bronze,instagram,2026-04-20,9999-12-31,True
668,C0071,Sanaa Benhima,25-34,f,Meknès,Bronze,tiktok,2026-04-20,9999-12-31,True
669,C0403,Tariq Chraibi,45-54,f,Fès,Bronze,email_marketing,2026-04-20,9999-12-31,True
670,C0719,Othmane Benjelloun,25-34,m,Agadir,Bronze,email_marketing,2026-04-20,9999-12-31,True
671,C0155,Meryem Lahlou,45-54,m,Oujda,Bronze,direct,2026-04-20,9999-12-31,True
672,C0888,Fatima Tahiri,55-64,f,Rabat,Bronze,instagram,2026-04-20,9999-12-31,True
673,C0032,Houda Sefrioui,45-54,m,Rabat,Bronze,email_marketing,2026-04-20,9999-12-31,True
674,C0850,Fatima Chraibi,inconnu,m,Rabat,Bronze,tiktok,2026-04-20,9999-12-31,True
675,C0123,Aicha Filali,25-34,f,Tanger,Bronze,instagram,2026-04-20,9999-12-31,True
676,C0880,Youssef Fassi,inconnu,m,Marrakech,Bronze,instagram,2026-04-20,9999-12-31,True
677,C0815,Loubna Fassi,18-24,m,Casablanca,Bronze,email_marketing,2026-04-20,9999-12-31,True
678,C0565,Imane Kettani,35-44,f,Agadir,Bronze,bouche_a_oreille,2026-04-20,9999-12-31,True
679,C0700,Sanaa Kettani,inconnu,f,Tanger,Bronze,google,2026-04-20,9999-12-31,True
680,C0235,Saad Alaoui,45-54,m,Oujda,Bronze,email_marketing,2026-04-20,9999-12-31,True
681,C0930,Loubna Berrada,55-64,f,Oujda,Bronze,instagram,2026-04-20,9999-12-31,True
682,C0374,Ghita Kettani,45-54,f,Tanger,Bronze,direct,2026-04-20,9999-12-31,True
683,C0944,Mehdi Fassi,25-34,m,Marrakech,Bronze,direct,2026-04-20,9999-12-31,True
684,C0664,Mohammed Benjelloun,55-64,m,Casablanca,Bronze,instagram,2026-04-20,9999-12-31,True
685,C0369,Hamza Mrabet,25-34,m,Tanger,Bronze,direct,2026-04-20,9999-12-31,True
686,C0039,Nadia Benali,35-44,f,Non renseignée,Bronze,instagram,2026-04-20,9999-12-31,True
687,C0626,Mohammed Lahlou,35-44,f,Casablanca,Bronze,google,2026-04-20,9999-12-31,True
688,C0616,Houda Chraibi,25-34,m,Fès,Bronze,tiktok,2026-04-20,9999-12-31,True
689,C0161,Houda Bouzidi,55-64,m,Marrakech,Bronze,email_marketing,2026-04-20,9999-12-31,True
690,C0366,Ilias Tazi,65+,m,Fès,Bronze,email_marketing,2026-04-20,9999-12-31,True
691,C0165,Tariq Mansouri,55-64,f,Agadir,Bronze,email_marketing,2026-04-20,9999-12-31,True
692,C0462,Khadija Bouzidi,45-54,m,Meknès,Bronze,instagram,2026-04-20,9999-12-31,True
693,C0362,Ghita Filali,45-54,m,Fès,Bronze,tiktok,2026-04-20,9999-12-31,True
694,C0807,Rachid Kettani,25-34,f,Tanger,Bronze,tiktok,2026-04-20,9999-12-31,True
695,C0846,Karim Fassi,18-24,f,Tanger,Bronze,google,2026-04-20,9999-12-31,True
696,C0230,Saad Bouzidi,25-34,f,Rabat,Bronze,email_marketing,2026-04-20,9999-12-31,True
697,C0559,Karim Benjelloun,18-24,m,Marrakech,Bronze,email_marketing,2026-04-20,9999-12-31,True
698,C0275,Nabil Bouzidi,55-64,f,Fès,Bronze,email_marketing,2026-04-20,9999-12-31,True
699,C0685,Sara Chraibi,45-54,f,Meknès,Bronze,tiktok,2026-04-20,9999-12-31,True
700,C0429,Tariq Hajji,45-54,m,Oujda,Bronze,tiktok,2026-04-20,9999-12-31,True
701,C0435,Sara Berrada,45-54,f,Rabat,Bronze,instagram,2026-04-20,9999-12-31,True
702,C0921,Mohammed Fassi,45-54,f,Oujda,Bronze,instagram,2026-04-20,9999-12-31,True
703,C0645,Tariq Lahlou,25-34,m,Meknès,Bronze,instagram,2026-04-20,9999-12-31,True
704,C0811,Zineb Kettani,18-24,f,Tanger,Bronze,google,2026-04-20,9999-12-31,True
705,C0367,Nabil Sefrioui,18-24,f,Tanger,Bronze,bouche_a_oreille,2026-04-20,9999-12-31,True
706,C0330,Ghita Fassi,45-54,f,Meknès,Bronze,direct,2026-04-20,9999-12-31,True
707,C0665,Tariq Cherkaoui,25-34,f,Casablanca,Bronze,instagram,2026-04-20,9999-12-31,True
708,C0656,Youssef Hajji,18-24,m,Agadir,Bronze,google,2026-04-20,9999-12-31,True
709,C0657,Aicha Naciri,45-54,f,Agadir,Bronze,email_marketing,2026-04-20,9999-12-31,True
710,C0421,Karim Fassi,25-34,f,Fès,Bronze,email_marketing,2026-04-20,9999-12-31,True
711,C0402,Nabil Benhima,35-44,f,Marrakech,Bronze,google,2026-04-20,9999-12-31,True
712,C0873,Amine Benali,45-54,m,Casablanca,Bronze,email_marketing,2026-04-20,9999-12-31,True
713,C0398,Nadia Berrada,25-34,f,Non renseignée,Bronze,instagram,2026-04-20,9999-12-31,True
714,C0741,Amine Kettani,55-64,m,Tanger,Bronze,direct,2026-04-20,9999-12-31,True
715,C0675,Karim Tazi,25-34,f,Marrakech,Bronze,bouche_a_oreille,2026-04-20,9999-12-31,True
716,C0083,Mohammed Cherkaoui,35-44,f,Tanger,Bronze,bouche_a_oreille,2026-04-20,9999-12-31,True
717,C0432,Khadija Mrabet,18-24,m,Rabat,Bronze,tiktok,2026-04-20,9999-12-31,True
718,C0969,Soukaina Squalli,45-54,m,Oujda,Bronze,direct,2026-04-20,9999-12-31,True
719,C0271,Khadija Benali,25-34,m,Marrakech,Bronze,email_marketing,2026-04-20,9999-12-31,True
720,C0837,Sanaa Sefrioui,55-64,m,Casablanca,Bronze,instagram,2026-04-20,9999-12-31,True
721,C0877,Ahmed Benhima,45-54,f,Tanger,Bronze,tiktok,2026-04-20,9999-12-31,True
722,C0651,Houda Bouzidi,45-54,m,Tanger,Bronze,instagram,2026-04-20,9999-12-31,True
723,C0555,Hajar Bouzidi,45-54,m,Fès,Bronze,direct,2026-04-20,9999-12-31,True
724,C0855,Fatima Benjelloun,55-64,f,Casablanca,Bronze,email_marketing,2026-04-20,9999-12-31,True
725,C0261,Khadija Fassi,55-64,m,Oujda,Bronze,google,2026-04-20,9999-12-31,True
726,C0458,Saad Naciri,25-34,m,Marrakech,Bronze,direct,2026-04-20,9999-12-31,True
727,C0225,Ilias Chraibi,25-34,f,Meknès,Bronze,instagram,2026-04-20,9999-12-31,True
728,C0617,Nadia Tazi,25-34,f,Rabat,Bronze,google,2026-04-20,9999-12-31,True
729,C0643,Hamza Fassi,25-34,m,Agadir,Bronze,tiktok,2026-04-20,9999-12-31,True
730,C0627,Ilias Benjelloun,45-54,m,Casablanca,Bronze,instagram,2026-04-20,9999-12-31,True
731,C0899,Omar Benali,25-34,f,Fès,Bronze,tiktok,2026-04-20,9999-12-31,True
732,C0776,Mehdi Bouzidi,25-34,f,Casablanca,Bronze,bouche_a_oreille,2026-04-20,9999-12-31,True
733,C0108,Imane Benjelloun,25-34,m,Rabat,Bronze,bouche_a_oreille,2026-04-20,9999-12-31,True
734,C0718,Loubna Cherkaoui,18-24,m,Fès,Bronze,bouche_a_oreille,2026-04-20,9999-12-31,True
735,C0279,Youssef Tahiri,25-34,f,Non renseignée,Bronze,instagram,2026-04-20,9999-12-31,True
736,C0682,Hassan Bouzidi,18-24,f,Rabat,Bronze,bouche_a_oreille,2026-04-20,9999-12-31,True
737,C0169,Mehdi Tazi,55-64,m,Tanger,Bronze,instagram,2026-04-20,9999-12-31,True
738,C0404,Hamza Mansouri,45-54,f,Non renseignée,Bronze,bouche_a_oreille,2026-04-20,9999-12-31,True
739,C0978,Karim Benali,25-34,m,Fès,Bronze,direct,2026-04-20,9999-12-31,True
740,C0830,Soukaina Benhima,45-54,f,Rabat,Bronze,bouche_a_oreille,2026-04-20,9999-12-31,True
741,C0901,Sanaa Filali,45-54,m,Non renseignée,Bronze,google,2026-04-20,9999-12-31,True
742,C0876,Meryem Benjelloun,18-24,m,Agadir,Bronze,instagram,2026-04-20,9999-12-31,True
743,C0299,Mohammed Sefrioui,55-64,m,Tanger,Bronze,direct,2026-04-20,9999-12-31,True
744,C0621,Sara Fassi,18-24,m,Agadir,Bronze,email_marketing,2026-04-20,9999-12-31,True
745,C0556,Imane Naciri,25-34,f,Agadir,Bronze,bouche_a_oreille,2026-04-20,9999-12-31,True
746,C0356,Hassan Cherkaoui,55-64,m,Tanger,Bronze,bouche_a_oreille,2026-04-20,9999-12-31,True
747,C0956,Hamza Fassi,25-34,m,Fès,Bronze,google,2026-04-20,9999-12-31,True
748,C0572,Hajar Chraibi,25-34,m,Tanger,Bronze,instagram,2026-04-20,9999-12-31,True
749,C0928,Ahmed Cherkaoui,25-34,f,Fès,Bronze,google,2026-04-20,9999-12-31,True
750,C0549,Aicha Benhima,55-64,m,Agadir,Bronze,google,2026-04-20,9999-12-31,True
751,C0614,Ghita Chraibi,55-64,f,Casablanca,Bronze,bouche_a_oreille,2026-04-20,9999-12-31,True
752,C0003,Rachid Benjelloun,18-24,m,Tanger,Bronze,bouche_a_oreille,2026-04-20,9999-12-31,True
753,C0560,Nadia Squalli,inconnu,f,Fès,Bronze,instagram,2026-04-20,9999-12-31,True
754,C0998,Nabil Berrada,45-54,f,Agadir,Bronze,direct,2026-04-20,9999-12-31,True
755,C0126,Nabil Naciri,25-34,m,Rabat,Bronze,instagram,2026-04-20,9999-12-31,True
756,C0744,Soukaina Filali,35-44,f,Fès,Bronze,email_marketing,2026-04-20,9999-12-31,True
757,C0133,Houda Fassi,35-44,m,Meknès,Bronze,tiktok,2026-04-20,9999-12-31,True
758,C0957,Saad Mrabet,18-24,m,Rabat,Bronze,instagram,2026-04-20,9999-12-31,True
759,C0253,Youssef Mrabet,35-44,f,Oujda,Bronze,tiktok,2026-04-20,9999-12-31,True
760,C0131,Omar Alaoui,45-54,m,Tanger,Bronze,bouche_a_oreille,2026-04-20,9999-12-31,True
761,C0254,Ilias Alaoui,25-34,m,Rabat,Bronze,email_marketing,2026-04-20,9999-12-31,True
762,C0692,Hamza Chraibi,25-34,f,Non renseignée,Bronze,bouche_a_oreille,2026-04-20,9999-12-31,True
763,C1035,Ahmed Hajji,55-64,f,Fès,Bronze,google,2026-04-20,9999-12-31,True
764,C0199,Loubna Lahlou,55-64,m,Rabat,Bronze,bouche_a_oreille,2026-04-20,9999-12-31,True
765,C0513,Nadia Naciri,55-64,f,Tanger,Bronze,instagram,2026-04-20,9999-12-31,True
766,C0695,Ahmed Hajji,18-24,m,Tanger,Bronze,direct,2026-04-20,9999-12-31,True
767,C0780,Hamza Benjelloun,55-64,m,Casablanca,Bronze,email_marketing,2026-04-20,9999-12-31,True
768,C0987,Saad Fassi,55-64,m,Fès,Bronze,direct,2026-04-20,9999-12-31,True
769,C1031,Imane Filali,35-44,m,Fès,Bronze,google,2026-04-20,9999-12-31,True
770,C0658,Loubna Mansouri,25-34,m,Non renseignée,Bronze,instagram,2026-04-20,9999-12-31,True
771,C0198,Ilias Filali,55-64,m,Agadir,Bronze,instagram,2026-04-20,9999-12-31,True
772,C0125,Zineb Cherkaoui,35-44,f,Non renseignée,Bronze,instagram,2026-04-20,9999-12-31,True
773,C0346,Soukaina Fassi,18-24,m,Oujda,Bronze,direct,2026-04-20,9999-12-31,True
774,C0051,Sanaa Cherkaoui,25-34,m,Fès,Bronze,instagram,2026-04-20,9999-12-31,True
775,C0242,Hamza Mrabet,45-54,m,Non renseignée,Bronze,email_marketing,2026-04-20,9999-12-31,True
776,C0389,Tariq Bouzidi,25-34,m,Tanger,Bronze,direct,2026-04-20,9999-12-31,True
777,C0104,Mehdi Cherkaoui,35-44,m,Non renseignée,Bronze,google,2026-04-20,9999-12-31,True
778,C0932,Amine Fassi,45-54,f,Tanger,Bronze,instagram,2026-04-20,9999-12-31,True
779,C0615,Meryem Lahlou,35-44,f,Fès,Bronze,direct,2026-04-20,9999-12-31,True
780,C0156,Othmane Berrada,45-54,f,Marrakech,Bronze,direct,2026-04-20,9999-12-31,True
781,C0019,Ilias Fassi,25-34,m,Rabat,Bronze,instagram,2026-04-20,9999-12-31,True
782,C0111,Fatima Sefrioui,25-34,m,Fès,Bronze,email_marketing,2026-04-20,9999-12-31,True
783,C0304,Nabil Mansouri,55-64,m,Tanger,Bronze,google,2026-04-20,9999-12-31,True
784,C0965,Nabil Filali,45-54,m,Casablanca,Bronze,email_marketing,2026-04-20,9999-12-31,True
785,C0029,Loubna Berrada,45-54,m,Fès,Bronze,email_marketing,2026-04-20,9999-12-31,True
786,C0463,Mehdi Bouzidi,65+,m,Agadir,Bronze,instagram,2026-04-20,9999-12-31,True
787,C0381,Nadia Berrada,55-64,m,Tanger,Bronze,bouche_a_oreille,2026-04-20,9999-12-31,True
788,C0986,Sanaa Kettani,25-34,m,Meknès,Bronze,bouche_a_oreille,2026-04-20,9999-12-31,True
789,C0194,Laila Bouzidi,25-34,f,Casablanca,Bronze,direct,2026-04-20,9999-12-31,True
790,C0239,Soukaina Cherkaoui,55-64,f,Casablanca,Bronze,instagram,2026-04-20,9999-12-31,True
791,C0578,Soukaina Tazi,25-34,f,Rabat,Bronze,instagram,2026-04-20,9999-12-31,True
792,C0440,Mehdi Cherkaoui,inconnu,m,Tanger,Bronze,bouche_a_oreille,2026-04-20,9999-12-31,True
793,C0260,Ghita Berrada,35-44,m,Meknès,Bronze,google,2026-04-20,9999-12-31,True
794,C0333,Meryem Tahiri,45-54,m,Marrakech,Bronze,instagram,2026-04-20,9999-12-31,True
795,C0570,Amine Benhima,35-44,m,Oujda,Bronze,tiktok,2026-04-20,9999-12-31,True
796,C0717,Mohammed Sefrioui,25-34,m,Rabat,Bronze,google,2026-04-20,9999-12-31,True
797,C0209,Imane Hajji,25-34,m,Casablanca,Bronze,bouche_a_oreille,2026-04-20,9999-12-31,True
798,C0305,Laila Squalli,45-54,f,Oujda,Bronze,direct,2026-04-20,9999-12-31,True
799,C0301,Loubna Lahlou,55-64,m,Marrakech,Bronze,google,2026-04-20,9999-12-31,True
800,C1025,Hassan Benali,18-24,m,Agadir,Bronze,direct,2026-04-20,9999-12-31,True
801,C0526,Imane Tahiri,18-24,f,Casablanca,Bronze,instagram,2026-04-20,9999-12-31,True
802,C0866,Amine Mansouri,55-64,m,Meknès,Bronze,instagram,2026-04-20,9999-12-31,True
803,C0073,Rachid Naciri,25-34,f,Meknès,Bronze,bouche_a_oreille,2026-04-20,9999-12-31,True
804,C0805,Rachid Chraibi,55-64,m,Oujda,Bronze,bouche_a_oreille,2026-04-20,9999-12-31,True
805,C0043,Imane Fassi,18-24,f,Fès,Bronze,email_marketing,2026-04-20,9999-12-31,True
806,C0766,Meryem Hajji,18-24,m,Agadir,Bronze,tiktok,2026-04-20,9999-12-31,True
807,C1046,Sara Cherkaoui,45-54,m,Meknès,Bronze,email_marketing,2026-04-20,9999-12-31,True
808,C0448,Loubna Alaoui,18-24,m,Casablanca,Bronze,instagram,2026-04-20,9999-12-31,True
809,C0012,Loubna Naciri,55-64,m,Non renseignée,Bronze,email_marketing,2026-04-20,9999-12-31,True
810,C0767,Hajar Cherkaoui,45-54,f,Non renseignée,Bronze,google,2026-04-20,9999-12-31,True
811,C0547,Saad Squalli,45-54,m,Marrakech,Bronze,google,2026-04-20,9999-12-31,True
812,C0582,Karim Cherkaoui,18-24,f,Tanger,Bronze,email_marketing,2026-04-20,9999-12-31,True
813,C0197,Nadia Naciri,18-24,m,Casablanca,Bronze,bouche_a_oreille,2026-04-20,9999-12-31,True
814,C0574,Zineb Benhima,45-54,m,Agadir,Bronze,tiktok,2026-04-20,9999-12-31,True
815,C0485,Sanaa Benali,45-54,f,Tanger,Bronze,bouche_a_oreille,2026-04-20,9999-12-31,True
816,C0205,Hajar Cherkaoui,55-64,m,Tanger,Bronze,instagram,2026-04-20,9999-12-31,True
817,C0220,Sara Fassi,35-44,f,Tanger,Bronze,direct,2026-04-20,9999-12-31,True
818,C0913,Hassan Kettani,45-54,f,Fès,Bronze,tiktok,2026-04-20,9999-12-31,True
819,C0154,Mehdi Benjelloun,45-54,m,Rabat,Bronze,bouche_a_oreille,2026-04-20,9999-12-31,True
820,C0754,Soukaina Chraibi,55-64,f,Tanger,Bronze,tiktok,2026-04-20,9999-12-31,True
821,C0002,Tariq Naciri,25-34,m,Non renseignée,Bronze,email_marketing,2026-04-20,9999-12-31,True
822,C0079,Aicha Tahiri,25-34,f,Fès,Bronze,tiktok,2026-04-20,9999-12-31,True
823,C0406,Ahmed Fassi,35-44,m,Tanger,Bronze,direct,2026-04-20,9999-12-31,True
824,C0377,Omar Mansouri,55-64,m,Fès,Bronze,direct,2026-04-20,9999-12-31,True
825,C0996,Ilias Naciri,35-44,m,Meknès,Bronze,email_marketing,2026-04-20,9999-12-31,True
826,C0373,Hajar Chraibi,25-34,f,Fès,Bronze,google,2026-04-20,9999-12-31,True
827,C0427,Meryem Fassi,25-34,m,Casablanca,Bronze,instagram,2026-04-20,9999-12-31,True
828,C0542,Mohammed Chraibi,55-64,m,Agadir,Bronze,direct,2026-04-20,9999-12-31,True
829,C0910,Othmane Sefrioui,55-64,m,Meknès,Bronze,instagram,2026-04-20,9999-12-31,True
830,C0222,Karim Benhima,55-64,m,Agadir,Bronze,email_marketing,2026-04-20,9999-12-31,True
831,C0213,Mohammed Hajji,45-54,f,Rabat,Bronze,direct,2026-04-20,9999-12-31,True
832,C0016,Mohammed Hajji,25-34,f,Fès,Bronze,direct,2026-04-20,9999-12-31,True
833,C0521,Fatima Filali,18-24,m,Marrakech,Bronze,tiktok,2026-04-20,9999-12-31,True
834,C0024,Zineb Sefrioui,18-24,m,Oujda,Bronze,instagram,2026-04-20,9999-12-31,True
835,C0158,Hassan Bouzidi,55-64,m,Marrakech,Bronze,instagram,2026-04-20,9999-12-31,True
836,C0152,Tariq Tahiri,18-24,m,Marrakech,Bronze,google,2026-04-20,9999-12-31,True
837,C0992,Sara Benali,45-54,f,Casablanca,Bronze,instagram,2026-04-20,9999-12-31,True
838,C1011,Ghita Filali,25-34,m,Meknès,Bronze,email_marketing,2026-04-20,9999-12-31,True
839,C0934,Zineb Tazi,45-54,m,Tanger,Bronze,instagram,2026-04-20,9999-12-31,True
840,C0172,Sanaa Tazi,45-54,f,Non renseignée,Bronze,bouche_a_oreille,2026-04-20,9999-12-31,True
841,C0214,Loubna Fassi,25-34,m,Agadir,Bronze,tiktok,2026-04-20,9999-12-31,True
842,C0326,Meryem Tahiri,18-24,f,Meknès,Bronze,direct,2026-04-20,9999-12-31,True
843,C0894,Sara Kettani,25-34,m,Agadir,Bronze,email_marketing,2026-04-20,9999-12-31,True
844,C0200,Karim Tazi,inconnu,m,Tanger,Bronze,email_marketing,2026-04-20,9999-12-31,True
845,C0672,Sara Benali,45-54,f,Tanger,Bronze,tiktok,2026-04-20,9999-12-31,True
846,C0690,Rachid Filali,45-54,m,Tanger,Bronze,direct,2026-04-20,9999-12-31,True
847,C0192,Mehdi Alaoui,18-24,f,Marrakech,Bronze,instagram,2026-04-20,9999-12-31,True
848,C0964,Fatima Tahiri,25-34,f,Agadir,Bronze,instagram,2026-04-20,9999-12-31,True
849,C0898,Ghita Berrada,18-24,f,Tanger,Bronze,google,2026-04-20,9999-12-31,True
850,C0327,Fatima Fassi,55-64,m,Tanger,Bronze,tiktok,2026-04-20,9999-12-31,True
851,C1039,Omar Tazi,35-44,f,Fès,Bronze,direct,2026-04-20,9999-12-31,True
852,C0598,Karim Mansouri,35-44,f,Oujda,Bronze,google,2026-04-20,9999-12-31,True
853,C0349,Houda Benjelloun,25-34,f,Meknès,Bronze,instagram,2026-04-20,9999-12-31,True
854,C0208,Imane Cherkaoui,35-44,f,Casablanca,Bronze,instagram,2026-04-20,9999-12-31,True
855,C0708,Soukaina Hajji,45-54,f,Agadir,Bronze,email_marketing,2026-04-20,9999-12-31,True
856,C0468,Omar Sefrioui,18-24,f,Marrakech,Bronze,bouche_a_oreille,2026-04-20,9999-12-31,True
857,C0732,Ahmed Mansouri,18-24,f,Fès,Bronze,direct,2026-04-20,9999-12-31,True
858,C0786,Loubna Cherkaoui,25-34,m,Tanger,Bronze,tiktok,2026-04-20,9999-12-31,True
859,C0825,Meryem Kettani,45-54,m,Agadir,Bronze,bouche_a_oreille,2026-04-20,9999-12-31,True
860,C0725,Rachid Benjelloun,45-54,f,Tanger,Bronze,instagram,2026-04-20,9999-12-31,True
861,C0370,Hajar Cherkaoui,25-34,m,Agadir,Bronze,google,2026-04-20,9999-12-31,True
862,C0796,Youssef Benali,25-34,m,Fès,Bronze,direct,2026-04-20,9999-12-31,True
863,C0318,Youssef Benali,55-64,m,Casablanca,Bronze,direct,2026-04-20,9999-12-31,True
864,C1013,Mohammed Sefrioui,55-64,m,Non renseignée,Bronze,direct,2026-04-20,9999-12-31,True
865,C0351,Sanaa Tazi,55-64,m,Marrakech,Bronze,bouche_a_oreille,2026-04-20,9999-12-31,True
866,C0093,Tariq Fassi,45-54,m,Marrakech,Bronze,tiktok,2026-04-20,9999-12-31,True
867,C0332,Ahmed Mansouri,35-44,f,Casablanca,Bronze,tiktok,2026-04-20,9999-12-31,True
868,C0113,Rachid Mrabet,25-34,f,Marrakech,Bronze,bouche_a_oreille,2026-04-20,9999-12-31,True
869,C0516,Saad Sefrioui,25-34,m,Rabat,Bronze,bouche_a_oreille,2026-04-20,9999-12-31,True
870,C0680,Aicha Mansouri,inconnu,f,Tanger,Bronze,direct,2026-04-20,9999-12-31,True
871,C0563,Sara Bouzidi,45-54,f,Casablanca,Bronze,tiktok,2026-04-20,9999-12-31,True
872,C0558,Loubna Squalli,18-24,m,Rabat,Bronze,direct,2026-04-20,9999-12-31,True
873,C0289,Youssef Squalli,55-64,f,Oujda,Bronze,google,2026-04-20,9999-12-31,True
874,C0247,Karim Chraibi,18-24,m,Oujda,Bronze,email_marketing,2026-04-20,9999-12-31,True
875,C0467,Hajar Chraibi,18-24,m,Marrakech,Bronze,bouche_a_oreille,2026-04-20,9999-12-31,True
876,C0838,Ahmed Bouzidi,55-64,f,Tanger,Bronze,tiktok,2026-04-20,9999-12-31,True
877,C0045,Soukaina Sefrioui,35-44,m,Non renseignée,Bronze,google,2026-04-20,9999-12-31,True
878,C0466,Zineb Mansouri,55-64,f,Casablanca,Bronze,tiktok,2026-04-20,9999-12-31,True
879,C0989,Omar Sefrioui,45-54,m,Meknès,Bronze,email_marketing,2026-04-20,9999-12-31,True
880,C0834,Tariq Mansouri,25-34,f,Non renseignée,Bronze,instagram,2026-04-20,9999-12-31,True
881,C0245,Ahmed Berrada,45-54,m,Agadir,Bronze,instagram,2026-04-20,9999-12-31,True
882,C0459,Hajar Chraibi,35-44,m,Tanger,Bronze,direct,2026-04-20,9999-12-31,True
883,C0790,Soukaina Cherkaoui,18-24,m,Agadir,Bronze,instagram,2026-04-20,9999-12-31,True
884,C0441,Sanaa Kettani,45-54,m,Rabat,Bronze,tiktok,2026-04-20,9999-12-31,True
885,C0653,Mohammed Tazi,35-44,f,Rabat,Bronze,email_marketing,2026-04-20,9999-12-31,True
886,C0095,Soukaina Berrada,55-64,f,Tanger,Bronze,bouche_a_oreille,2026-04-20,9999-12-31,True
887,C0609,Loubna Chraibi,45-54,m,Meknès,Bronze,email_marketing,2026-04-20,9999-12-31,True
888,C0456,Laila Alaoui,45-54,m,Fès,Bronze,google,2026-04-20,9999-12-31,True
889,C0845,Khadija Mansouri,25-34,f,Oujda,Bronze,tiktok,2026-04-20,9999-12-31,True
890,C0049,Ghita Benhima,55-64,m,Fès,Bronze,bouche_a_oreille,2026-04-20,9999-12-31,True
891,C0907,Youssef Filali,55-64,f,Tanger,Bronze,bouche_a_oreille,2026-04-20,9999-12-31,True
892,C0958,Meryem Lahlou,25-34,m,Agadir,Bronze,bouche_a_oreille,2026-04-20,9999-12-31,True
893,C0478,Hassan Bouzidi,18-24,f,Meknès,Bronze,tiktok,2026-04-20,9999-12-31,True
894,C0089,Hamza Mrabet,25-34,m,Marrakech,Bronze,google,2026-04-20,9999-12-31,True
895,C0589,Nabil Cherkaoui,35-44,f,Casablanca,Bronze,tiktok,2026-04-20,9999-12-31,True
896,C0258,Mehdi Berrada,18-24,f,Tanger,Bronze,email_marketing,2026-04-20,9999-12-31,True
897,C0438,Nadia Sefrioui,25-34,m,Non renseignée,Bronze,google,2026-04-20,9999-12-31,True
898,C0082,Fatima Alaoui,35-44,f,Fès,Bronze,tiktok,2026-04-20,9999-12-31,True
899,C0544,Sara Chraibi,35-44,m,Rabat,Bronze,email_marketing,2026-04-20,9999-12-31,True
900,C0630,Hajar Tahiri,55-64,f,Casablanca,Bronze,bouche_a_oreille,2026-04-20,9999-12-31,True
901,C0096,Soukaina Naciri,25-34,f,Rabat,Bronze,bouche_a_oreille,2026-04-20,9999-12-31,True
902,C0134,Karim Kettani,25-34,m,Meknès,Bronze,instagram,2026-04-20,9999-12-31,True
903,C0363,Nadia Squalli,18-24,m,Marrakech,Bronze,direct,2026-04-20,9999-12-31,True
904,C0803,Hassan Filali,25-34,f,Rabat,Bronze,direct,2026-04-20,9999-12-31,True
905,C0052,Aicha Kettani,45-54,f,Oujda,Bronze,google,2026-04-20,9999-12-31,True
906,C0136,Laila Squalli,45-54,m,Casablanca,Bronze,bouche_a_oreille,2026-04-20,9999-12-31,True
907,C0263,Ilias Mrabet,18-24,m,Rabat,Bronze,instagram,2026-04-20,9999-12-31,True
908,C0644,Soukaina Alaoui,18-24,f,Agadir,Bronze,direct,2026-04-20,9999-12-31,True
909,C0649,Fatima Sefrioui,18-24,m,Tanger,Bronze,tiktok,2026-04-20,9999-12-31,True
910,C0038,Imane Fassi,25-34,m,Fès,Bronze,email_marketing,2026-04-20,9999-12-31,True
911,C0541,Sara Fassi,25-34,f,Oujda,Bronze,email_marketing,2026-04-20,9999-12-31,True
912,C0593,Hamza Berrada,45-54,m,Fès,Bronze,google,2026-04-20,9999-12-31,True
913,C0457,Meryem Lahlou,55-64,m,Meknès,Bronze,direct,2026-04-20,9999-12-31,True
914,C0473,Fatima Benali,55-64,f,Tanger,Bronze,bouche_a_oreille,2026-04-20,9999-12-31,True
915,C0168,Ilias Squalli,35-44,m,Tanger,Bronze,instagram,2026-04-20,9999-12-31,True
916,C0568,Youssef Mrabet,18-24,f,Oujda,Bronze,tiktok,2026-04-20,9999-12-31,True
917,C0779,Hajar Cherkaoui,65+,f,Rabat,Bronze,bouche_a_oreille,2026-04-20,9999-12-31,True
918,C0176,Khadija Mrabet,35-44,m,Tanger,Bronze,google,2026-04-20,9999-12-31,True
919,C0348,Ahmed Benali,55-64,m,Tanger,Bronze,email_marketing,2026-04-20,9999-12-31,True
920,C0864,Meryem Bouzidi,25-34,m,Rabat,Bronze,bouche_a_oreille,2026-04-20,9999-12-31,True
921,C0705,Ghita Benhima,45-54,m,Marrakech,Bronze,tiktok,2026-04-20,9999-12-31,True
922,C0410,Meryem Alaoui,25-34,m,Fès,Bronze,direct,2026-04-20,9999-12-31,True
923,C0023,Nadia Squalli,25-34,f,Rabat,Bronze,instagram,2026-04-20,9999-12-31,True
924,C0511,Mehdi Alaoui,55-64,m,Oujda,Bronze,bouche_a_oreille,2026-04-20,9999-12-31,True
925,C0889,Zineb Chraibi,25-34,m,Tanger,Bronze,tiktok,2026-04-20,9999-12-31,True
926,C0067,Youssef Naciri,25-34,m,Tanger,Bronze,direct,2026-04-20,9999-12-31,True
927,C0085,Ilias Benjelloun,55-64,m,Agadir,Bronze,direct,2026-04-20,9999-12-31,True
928,C0912,Aicha Kettani,55-64,m,Meknès,Bronze,bouche_a_oreille,2026-04-20,9999-12-31,True
929,C0312,Khadija Fassi,35-44,m,Casablanca,Bronze,instagram,2026-04-20,9999-12-31,True
930,C0518,Nadia Kettani,45-54,f,Agadir,Bronze,google,2026-04-20,9999-12-31,True
931,C0450,Amine Lahlou,inconnu,m,Casablanca,Bronze,google,2026-04-20,9999-12-31,True
932,C0777,Tariq Squalli,55-64,f,Non renseignée,Bronze,google,2026-04-20,9999-12-31,True
933,C0706,Nadia Sefrioui,65+,m,Casablanca,Bronze,instagram,2026-04-20,9999-12-31,True
934,C0256,Ahmed Benhima,25-34,f,Fès,Bronze,tiktok,2026-04-20,9999-12-31,True
935,C0909,Mehdi Berrada,25-34,f,Agadir,Bronze,tiktok,2026-04-20,9999-12-31,True
936,C0119,Amine Sefrioui,25-34,f,Agadir,Bronze,tiktok,2026-04-20,9999-12-31,True
937,C0215,Rachid Kettani,55-64,m,Meknès,Bronze,google,2026-04-20,9999-12-31,True
938,C0232,Ghita Hajji,25-34,m,Rabat,Bronze,direct,2026-04-20,9999-12-31,True
939,C0785,Ilias Filali,55-64,f,Fès,Bronze,direct,2026-04-20,9999-12-31,True
940,C0460,Rachid Squalli,55-64,m,Marrakech,Bronze,instagram,2026-04-20,9999-12-31,True
941,C0307,Rachid Hajji,25-34,f,Fès,Bronze,google,2026-04-20,9999-12-31,True
942,C0178,Rachid Berrada,18-24,m,Casablanca,Bronze,email_marketing,2026-04-20,9999-12-31,True
943,C0724,Laila Fassi,35-44,m,Agadir,Bronze,google,2026-04-20,9999-12-31,True
944,C0336,Laila Mansouri,18-24,m,Oujda,Bronze,instagram,2026-04-20,9999-12-31,True
945,C0357,Meryem Kettani,45-54,f,Rabat,Bronze,direct,2026-04-20,9999-12-31,True
946,C0153,Zineb Mrabet,45-54,m,Non renseignée,Bronze,tiktok,2026-04-20,9999-12-31,True
947,C0408,Mohammed Chraibi,18-24,m,Fès,Bronze,email_marketing,2026-04-20,9999-12-31,True
948,C0076,Rachid Tahiri,35-44,f,Marrakech,Bronze,bouche_a_oreille,2026-04-20,9999-12-31,True
949,C0636,Omar Filali,35-44,f,Meknès,Bronze,bouche_a_oreille,2026-04-20,9999-12-31,True
950,C0537,Nabil Filali,35-44,m,Tanger,Bronze,direct,2026-04-20,9999-12-31,True
951,C0007,Nabil Chraibi,55-64,m,Fès,Bronze,bouche_a_oreille,2026-04-20,9999-12-31,True
952,C0814,Saad Mansouri,65+,m,Rabat,Bronze,instagram,2026-04-20,9999-12-31,True
953,C0632,Imane Squalli,25-34,f,Casablanca,Bronze,bouche_a_oreille,2026-04-20,9999-12-31,True
954,C0660,Mohammed Lahlou,55-64,m,Marrakech,Bronze,instagram,2026-04-20,9999-12-31,True
955,C0997,Sara Alaoui,45-54,f,Fès,Bronze,instagram,2026-04-20,9999-12-31,True
956,C0867,Hassan Naciri,65+,m,Fès,Bronze,bouche_a_oreille,2026-04-20,9999-12-31,True
957,C0267,Laila Mansouri,55-64,m,Casablanca,Bronze,bouche_a_oreille,2026-04-20,9999-12-31,True
958,C0380,Imane Mrabet,45-54,m,Oujda,Bronze,instagram,2026-04-20,9999-12-31,True
959,C0309,Omar Tazi,45-54,m,Tanger,Bronze,direct,2026-04-20,9999-12-31,True
960,C0418,Rachid Cherkaoui,25-34,m,Meknès,Bronze,bouche_a_oreille,2026-04-20,9999-12-31,True
961,C0276,Hajar Alaoui,35-44,m,Tanger,Bronze,instagram,2026-04-20,9999-12-31,True
962,C0581,Khadija Berrada,25-34,m,Rabat,Bronze,bouche_a_oreille,2026-04-20,9999-12-31,True
963,C0576,Fatima Squalli,25-34,m,Tanger,Bronze,direct,2026-04-20,9999-12-31,True
964,C0114,Sanaa Chraibi,55-64,m,Agadir,Bronze,tiktok,2026-04-20,9999-12-31,True
965,C0871,Soukaina Filali,18-24,m,Agadir,Bronze,instagram,2026-04-20,9999-12-31,True
966,C0746,Laila Kettani,35-44,m,Non renseignée,Bronze,bouche_a_oreille,2026-04-20,9999-12-31,True
967,C0350,Imane Benjelloun,inconnu,f,Oujda,Bronze,google,2026-04-20,9999-12-31,True
968,C0040,Tariq Tahiri,inconnu,f,Fès,Bronze,email_marketing,2026-04-20,9999-12-31,True
969,C0399,Ilias Benali,35-44,f,Meknès,Bronze,google,2026-04-20,9999-12-31,True
970,C0375,Sara Lahlou,25-34,f,Casablanca,Bronze,tiktok,2026-04-20,9999-12-31,True
971,C0329,Nadia Hajji,45-54,m,Tanger,Bronze,bouche_a_oreille,2026-04-20,9999-12-31,True
972,C0601,Meryem Bouzidi,55-64,m,Oujda,Bronze,google,2026-04-20,9999-12-31,True
973,C0951,Ilias Sefrioui,18-24,m,Non renseignée,Bronze,google,2026-04-20,9999-12-31,True
974,C0802,Ahmed Filali,35-44,m,Meknès,Bronze,instagram,2026-04-20,9999-12-31,True
975,C0500,Nadia Tazi,inconnu,f,Fès,Bronze,email_marketing,2026-04-20,9999-12-31,True
976,C0954,Youssef Tahiri,45-54,f,Oujda,Bronze,tiktok,2026-04-20,9999-12-31,True
977,C0102,Ghita Squalli,55-64,m,Non renseignée,Bronze,bouche_a_oreille,2026-04-20,9999-12-31,True
978,C0229,Othmane Mansouri,45-54,m,Fès,Bronze,instagram,2026-04-20,9999-12-31,True
979,C0428,Ilias Tazi,25-34,f,Fès,Bronze,instagram,2026-04-20,9999-12-31,True
980,C0605,Houda Squalli,55-64,m,Tanger,Bronze,instagram,2026-04-20,9999-12-31,True
981,C0974,Omar Filali,45-54,f,Oujda,Bronze,tiktok,2026-04-20,9999-12-31,True
982,C0538,Zineb Mrabet,25-34,m,Rabat,Bronze,instagram,2026-04-20,9999-12-31,True
983,C0417,Sanaa Naciri,18-24,m,Marrakech,Bronze,tiktok,2026-04-20,9999-12-31,True
984,C0270,Houda Sefrioui,45-54,f,Marrakech,Bronze,email_marketing,2026-04-20,9999-12-31,True
985,C0164,Hajar Benhima,25-34,m,Marrakech,Bronze,google,2026-04-20,9999-12-31,True
986,C0157,Mehdi Sefrioui,35-44,m,Casablanca,Bronze,email_marketing,2026-04-20,9999-12-31,True
987,C0240,Loubna Mrabet,inconnu,f,Non renseignée,Bronze,google,2026-04-20,9999-12-31,True
988,C0573,Othmane Benjelloun,35-44,f,Oujda,Bronze,direct,2026-04-20,9999-12-31,True
989,C0686,Sara Cherkaoui,55-64,m,Meknès,Bronze,google,2026-04-20,9999-12-31,True
990,C0524,Omar Bouzidi,35-44,m,Oujda,Bronze,tiktok,2026-04-20,9999-12-31,True
991,C0610,Othmane Sefrioui,18-24,m,Marrakech,Bronze,google,2026-04-20,9999-12-31,True
992,C0569,Mohammed Fassi,35-44,f,Meknès,Bronze,instagram,2026-04-20,9999-12-31,True
993,C0252,Zineb Benali,25-34,f,Casablanca,Bronze,tiktok,2026-04-20,9999-12-31,True
994,C0533,Tariq Filali,55-64,m,Tanger,Bronze,direct,2026-04-20,9999-12-31,True
995,C0728,Amine Cherkaoui,35-44,m,Tanger,Bronze,bouche_a_oreille,2026-04-20,9999-12-31,True
996,C0447,Fatima Mansouri,18-24,m,Meknès,Bronze,tiktok,2026-04-20,9999-12-31,True
997,C0340,Khadija Benjelloun,35-44,m,Non renseignée,Bronze,email_marketing,2026-04-20,9999-12-31,True
998,C0431,Zineb Mansouri,55-64,m,Oujda,Bronze,email_marketing,2026-04-20,9999-12-31,True
